DISTRIBUTED,NUM_NODES,NUM_WORKER_THREADS,NUM_RPC_SERVER_THREADS,MAX_NUM_ACTIVE_TXNS,LOG_LOCAL,LOG_REMOTE,LOG_DEVICE,CONTROLLED_LOCK_VIOLATION,ENABLE_ADMISSION_CONTROL,COMMIT_ALG,WORKLOAD,ZIPF_THETA,READ_PERC,RUN_TIME,PERC_REMOTE,FAILURE_ENABLE,FAILURE_NODE,FAILURE_TIMEPOINT,DEBUG_FAILURE,SYNCHRONIZE_TIME,i,MODE,NODE_ID,LOG_NODE,Throughput,run_time,dist_txn_latency,time_process_txn,time_idle,time_write_output_queue,log_size,bytes_sent,dummy_bytes_sent,time_send_msg,time_read_queue,time_output_idle,bytes_received,time_recv_msg,time_write_queue,time_input_idle,logging_send_time,logging_commit_time,single_part_execute_phase (in us),single_part_precommit_phase (in us),single_part_log_latency (in us),single_part_commit_phase (in us),single_part_abort (in us),multi_part_execute_phase (in us),multi_part_precommit_phase (in us),multi_part_prepare_phase (in us),multi_part_commit_phase (in us),multi_part_abort (in us),multi_part_cleanup_phase (in us),terminate_time_co,terminate_time_pa,log_ready_time,dependency_ready_time,CC (row),CC (index),logic,wait,network,cache,time_debug1,time_debug2,time_debug3,time_debug4,time_debug5,time_debug6,time_debug7,average_                      READ_REQ_req_latency,max_                          READ_REQ_req_latency,min_                          READ_REQ_req_latency,average_                      PREPARE_REQ_req_latency,max_                          PREPARE_REQ_req_latency,min_                          PREPARE_REQ_req_latency,average_                      COMMIT_REQ_req_latency,max_                          COMMIT_REQ_req_latency,min_                          COMMIT_REQ_req_latency,average_                      ABORT_REQ_req_latency,max_                          ABORT_REQ_req_latency,min_                          ABORT_REQ_req_latency,average_                      SYS_REQ_req_latency,max_                          SYS_REQ_req_latency,min_                          SYS_REQ_req_latency,average_                      LOG_YES_REQ_req_latency,max_                          LOG_YES_REQ_req_latency,min_                          LOG_YES_REQ_req_latency,average_                      LOG_ABORT_REQ_req_latency,max_                          LOG_ABORT_REQ_req_latency,min_                          LOG_ABORT_REQ_req_latency,average_                      LOG_COMMIT_REQ_req_latency,max_                          LOG_COMMIT_REQ_req_latency,min_                          LOG_COMMIT_REQ_req_latency,average_                      TERMINATE_REQ_req_latency,max_                          TERMINATE_REQ_req_latency,min_                          TERMINATE_REQ_req_latency,average_prepare_req_cnt,average_prepare_req_size,average_prepare_resp_cnt,average_prepare_resp_size,average_log_vote_pa,average_log_commit_co,average_node_communicate,average_dist_latency,average_dist_total_time,average_latency,average_term_latency_co,average_term_latency_pa,90%_latency,95%_latency,99%_latency,max_latency,90%_dist_latency,95%_dist_latency,99%_dist_latency,max_dist_latency,median_term_latency,25%_term_latency,75%_term_latency,99%_term_latency,max_term_latency,min_term_latency,num_commits,num_aborts,num_precommits,num_waits,num_single_part_txn,num_multi_part_txn,num_aborts_restart,num_aborts_terminate,num_aborts_local,num_aborts_remote,num_affected_txn_co,num_affected_txn_pa,log_num,msg_cnt,msg_size,num_renewals,num_no_need_to_renewal,num_cache_bypass,num_cache_reads,num_cache_hits,num_cache_misses,num_cache_remove,num_cache_inserts,num_cache_updates,num_cache_evictions,num_local_hits,num_renew,num_renew_success,num_renew_failure,num_ro_read,num_ro_check,num_rw_read,num_rw_check,int_debug1,int_debug2,int_debug3,int_debug4,int_debug5,int_debug6,int_urgentwrite,int_aborts_rs1,int_aborts_rs2,int_aborts_rs3,int_aborts_ws1,int_aborts_ws2,int_saved_by_hist,Metrics,CP0,CP1,CP2,CP3,CP4,CP5,CP6,CP7,CP8
true,4,8,8,32,false,true,LOG_DVC_REDIS,false,false,ONE_PC,YCSB,0,0.5,10,0.5,true,1,1,True,15,0,release,0,False,71.3762,80.0267,3.31454,0,0,0,0,0,0,0,0,0,0,0,0,0,0,0,-nan,-nan,-nan,-nan,-nan,1274.1,0,3287.94,80.173,0,1730.44,0.00228935,0,0,0,0,0,0,0,0,0,0,4.62683,0,0,0.00214596,0,4.55016,425.963,68286.4,0,522.705,2618.73,0,305.492,8769.18,0,2628.17,9350.34,0,2683.88,8646.39,0,-nan,0,0,2103.57,20097.3,0,-nan,0,0,-nan,0,0,2.85294,5750.21,2.85154,9089.14,1782.29,0,715.319,0.00464221,0.00637278,0.00464221,0.00228935,-nan,0.00594309,0.00656905,0.00904908,0.0154707,0.00594309,0.00656905,0.00904908,0.0154707,0.00228935,0.00228935,0.00228935,0.00228935,0.00228935,0.00228935,714,9273,0,0,0,714,9273,0,1372,7901,1,0,0,0,0,0,0,0,0,0,0,0,0,0,0,0,0,0,0,0,0,0,0,0,2596,714,9987,0,0,0,0,0,0,0,0,0,"thr,num_commits,num_aborts,num_precommits,num_waits,num_single_part_txn,num_multi_part_txn,num_aborts_restart,num_aborts_terminate,num_aborts_local,num_aborts_remote,num_affected_txn_co,num_affected_txn_pa,log_num,msg_cnt,msg_size,num_renewals,num_no_need_to_renewal,num_cache_bypass,num_cache_reads,num_cache_hits,num_cache_misses,num_cache_remove,num_cache_inserts,num_cache_updates,num_cache_evictions,num_local_hits,num_renew,num_renew_success,num_renew_failure,num_ro_read,num_ro_check,num_rw_read,num_rw_check,int_debug1,int_debug2,int_debug3,int_debug4,int_debug5,int_debug6,int_urgentwrite,int_aborts_rs1,int_aborts_rs2,int_aborts_rs3,int_aborts_ws1,int_aborts_ws2,int_saved_by_hist,run_time,average_latency,dist_txn_latency,time_process_txn,time_idle,time_write_output_queue,log_size,bytes_sent,dummy_bytes_sent,time_send_msg,time_read_queue,time_output_idle,bytes_received,time_recv_msg,time_write_queue,time_input_idle,logging_send_time,logging_commit_time,single_part_execute_phase,single_part_precommit_phase,single_part_log_latency,single_part_commit_phase,single_part_abort,multi_part_execute_phase,multi_part_precommit_phase,multi_part_prepare_phase,multi_part_commit_phase,multi_part_abort,multi_part_cleanup_phase,terminate_time_co,terminate_time_pa,log_ready_time,dependency_ready_time,CC","714,714,387,0,0,0,714,387,0,206,181,1,0,0,0,0,0,0,0,0,0,0,0,0,0,0,0,0,0,0,0,0,0,0,0,2596,714,1104,0,0,0,0,0,0,0,0,0,0,3.31454,3.31454,0,0,0,0,0,0,0,0,0,0,0,0,0,0,0,0,0,0,0,0,0.909707,0,2.34759,0.0572435,0,1.23554,0.00228935,0,0,0,0,0,0,0,0,0,0,4.62683,0,0,0,0,4.55016,","0,0,977,0,0,0,0,977,0,130,847,0,0,0,0,0,0,0,0,0,0,0,0,0,0,0,0,0,0,0,0,0,0,0,0,0,0,976,0,0,0,0,0,0,0,0,0,0,0,0,0,0,0,0,0,0,0,0,0,0,0,0,0,0,0,0,0,0,0,0,0,0,0,0,0,0,0,0,0,0,0,0,0,0,0,0,0,0,0,0,0,0,0,","0,0,1013,0,0,0,0,1013,0,131,882,0,0,0,0,0,0,0,0,0,0,0,0,0,0,0,0,0,0,0,0,0,0,0,0,0,0,1013,0,0,0,0,0,0,0,0,0,0,0,0,0,0,0,0,0,0,0,0,0,0,0,0,0,0,0,0,0,0,0,0,0,0,0,0,0,0,0,0,0,0,0,0,0,0,0,0,0,0,0,0,0,0,0,","0,0,989,0,0,0,0,989,0,126,863,0,0,0,0,0,0,0,0,0,0,0,0,0,0,0,0,0,0,0,0,0,0,0,0,0,0,989,0,0,0,0,0,0,0,0,0,0,0,0,0,0,0,0,0,0,0,0,0,0,0,0,0,0,0,0,0,0,0,0,0,0,0,0,0,0,0,0,0,0,0,0,0,0,0,0,0,0,0,0,0,0,0,","0,0,972,0,0,0,0,972,0,125,847,0,0,0,0,0,0,0,0,0,0,0,0,0,0,0,0,0,0,0,0,0,0,0,0,0,0,972,0,0,0,0,0,0,0,0,0,0,0,0,0,0,0,0,0,0,0,0,0,0,0,0,0,0,0,0,0,0,0,0,0,0,0,0,0,0,0,0,0,0,0,0,0,0,0,0,0,0,0,0,0,0,0,","0,0,989,0,0,0,0,989,0,133,856,0,0,0,0,0,0,0,0,0,0,0,0,0,0,0,0,0,0,0,0,0,0,0,0,0,0,991,0,0,0,0,0,0,0,0,0,0,0,0,0,0,0,0,0,0,0,0,0,0,0,0,0,0,0,0,0,0,0,0,0,0,0,0,0,0,0,0,0,0,0,0,0,0,0,0,0,0,0,0,0,0,0,","0,0,1005,0,0,0,0,1005,0,127,878,0,0,0,0,0,0,0,0,0,0,0,0,0,0,0,0,0,0,0,0,0,0,0,0,0,0,1004,0,0,0,0,0,0,0,0,0,0,0,0,0,0,0,0,0,0,0,0,0,0,0,0,0,0,0,0,0,0,0,0,0,0,0,0,0,0,0,0,0,0,0,0,0,0,0,0,0,0,0,0,0,0,0,","0,0,956,0,0,0,0,956,0,134,822,0,0,0,0,0,0,0,0,0,0,0,0,0,0,0,0,0,0,0,0,0,0,0,0,0,0,956,0,0,0,0,0,0,0,0,0,0,0,0,0,0,0,0,0,0,0,0,0,0,0,0,0,0,0,0,0,0,0,0,0,0,0,0,0,0,0,0,0,0,0,0,0,0,0,0,0,0,0,0,0,0,0,","0,0,997,0,0,0,0,997,0,132,865,0,0,0,0,0,0,0,0,0,0,0,0,0,0,0,0,0,0,0,0,0,0,0,0,0,0,998,0,0,0,0,0,0,0,0,0,0,0,0,0,0,0,0,0,0,0,0,0,0,0,0,0,0,0,0,0,0,0,0,0,0,0,0,0,0,0,0,0,0,0,0,0,0,0,0,0,0,0,0,0,0,0,"
true,4,8,8,32,false,true,LOG_DVC_REDIS,false,false,ONE_PC,YCSB,0.5,0.5,10,0.5,true,1,1,True,15,0,release,0,False,60.9705,80.0387,3.18785,0,0,0,0,0,0,0,0,0,0,0,0,0,0,0,-nan,-nan,-nan,-nan,-nan,1341.66,0,3786.13,98.199,0,1900.94,0,0,0,0,0,0,0,0,0,0,0,3.37669,0,0,0.00114917,0,4.34749,482.194,24823.4,0,585.769,27508.7,0,274.74,2965.93,0,2925.54,16861.9,0,2884.62,14436.4,0,-nan,0,0,2391.45,37498,0,-nan,0,0,-nan,0,0,2.84918,5758.41,2.84918,9067.7,1952.97,0,383.058,0.00522599,0.00712703,0.00522599,-nan,-nan,0.00723925,0.00821367,0.0135123,0.0182204,0.00723925,0.00821367,0.0135123,0.0182204,,,,,,,610,8742,0,0,0,610,8742,0,322,8420,0,0,0,0,0,0,0,0,0,0,0,0,0,0,0,0,0,0,0,0,0,0,0,0,1729,610,9352,0,0,0,0,0,0,0,0,0,"thr,num_commits,num_aborts,num_precommits,num_waits,num_single_part_txn,num_multi_part_txn,num_aborts_restart,num_aborts_terminate,num_aborts_local,num_aborts_remote,num_affected_txn_co,num_affected_txn_pa,log_num,msg_cnt,msg_size,num_renewals,num_no_need_to_renewal,num_cache_bypass,num_cache_reads,num_cache_hits,num_cache_misses,num_cache_remove,num_cache_inserts,num_cache_updates,num_cache_evictions,num_local_hits,num_renew,num_renew_success,num_renew_failure,num_ro_read,num_ro_check,num_rw_read,num_rw_check,int_debug1,int_debug2,int_debug3,int_debug4,int_debug5,int_debug6,int_urgentwrite,int_aborts_rs1,int_aborts_rs2,int_aborts_rs3,int_aborts_ws1,int_aborts_ws2,int_saved_by_hist,run_time,average_latency,dist_txn_latency,time_process_txn,time_idle,time_write_output_queue,log_size,bytes_sent,dummy_bytes_sent,time_send_msg,time_read_queue,time_output_idle,bytes_received,time_recv_msg,time_write_queue,time_input_idle,logging_send_time,logging_commit_time,single_part_execute_phase,single_part_precommit_phase,single_part_log_latency,single_part_commit_phase,single_part_abort,multi_part_execute_phase,multi_part_precommit_phase,multi_part_prepare_phase,multi_part_commit_phase,multi_part_abort,multi_part_cleanup_phase,terminate_time_co,terminate_time_pa,log_ready_time,dependency_ready_time,CC","610,610,405,0,0,0,610,405,0,322,83,0,0,0,0,0,0,0,0,0,0,0,0,0,0,0,0,0,0,0,0,0,0,0,0,1729,610,1018,0,0,0,0,0,0,0,0,0,0,3.18785,3.18785,0,0,0,0,0,0,0,0,0,0,0,0,0,0,0,0,0,0,0,0,0.818416,0,2.30954,0.0599014,0,1.15957,0,0,0,0,0,0,0,0,0,0,0,3.37669,0,0,0,0,4.34749,","0,0,933,0,0,0,0,933,0,0,933,0,0,0,0,0,0,0,0,0,0,0,0,0,0,0,0,0,0,0,0,0,0,0,0,0,0,934,0,0,0,0,0,0,0,0,0,0,0,0,0,0,0,0,0,0,0,0,0,0,0,0,0,0,0,0,0,0,0,0,0,0,0,0,0,0,0,0,0,0,0,0,0,0,0,0,0,0,0,0,0,0,0,","0,0,948,0,0,0,0,948,0,0,948,0,0,0,0,0,0,0,0,0,0,0,0,0,0,0,0,0,0,0,0,0,0,0,0,0,0,946,0,0,0,0,0,0,0,0,0,0,0,0,0,0,0,0,0,0,0,0,0,0,0,0,0,0,0,0,0,0,0,0,0,0,0,0,0,0,0,0,0,0,0,0,0,0,0,0,0,0,0,0,0,0,0,","0,0,916,0,0,0,0,916,0,0,916,0,0,0,0,0,0,0,0,0,0,0,0,0,0,0,0,0,0,0,0,0,0,0,0,0,0,915,0,0,0,0,0,0,0,0,0,0,0,0,0,0,0,0,0,0,0,0,0,0,0,0,0,0,0,0,0,0,0,0,0,0,0,0,0,0,0,0,0,0,0,0,0,0,0,0,0,0,0,0,0,0,0,","0,0,802,0,0,0,0,802,0,0,802,0,0,0,0,0,0,0,0,0,0,0,0,0,0,0,0,0,0,0,0,0,0,0,0,0,0,803,0,0,0,0,0,0,0,0,0,0,0,0,0,0,0,0,0,0,0,0,0,0,0,0,0,0,0,0,0,0,0,0,0,0,0,0,0,0,0,0,0,0,0,0,0,0,0,0,0,0,0,0,0,0,0,","0,0,942,0,0,0,0,942,0,0,942,0,0,0,0,0,0,0,0,0,0,0,0,0,0,0,0,0,0,0,0,0,0,0,0,0,0,943,0,0,0,0,0,0,0,0,0,0,0,0,0,0,0,0,0,0,0,0,0,0,0,0,0,0,0,0,0,0,0,0,0,0,0,0,0,0,0,0,0,0,0,0,0,0,0,0,0,0,0,0,0,0,0,","0,0,914,0,0,0,0,914,0,0,914,0,0,0,0,0,0,0,0,0,0,0,0,0,0,0,0,0,0,0,0,0,0,0,0,0,0,914,0,0,0,0,0,0,0,0,0,0,0,0,0,0,0,0,0,0,0,0,0,0,0,0,0,0,0,0,0,0,0,0,0,0,0,0,0,0,0,0,0,0,0,0,0,0,0,0,0,0,0,0,0,0,0,","0,0,965,0,0,0,0,965,0,0,965,0,0,0,0,0,0,0,0,0,0,0,0,0,0,0,0,0,0,0,0,0,0,0,0,0,0,965,0,0,0,0,0,0,0,0,0,0,0,0,0,0,0,0,0,0,0,0,0,0,0,0,0,0,0,0,0,0,0,0,0,0,0,0,0,0,0,0,0,0,0,0,0,0,0,0,0,0,0,0,0,0,0,","0,0,926,0,0,0,0,926,0,0,926,0,0,0,0,0,0,0,0,0,0,0,0,0,0,0,0,0,0,0,0,0,0,0,0,0,0,924,0,0,0,0,0,0,0,0,0,0,0,0,0,0,0,0,0,0,0,0,0,0,0,0,0,0,0,0,0,0,0,0,0,0,0,0,0,0,0,0,0,0,0,0,0,0,0,0,0,0,0,0,0,0,0,"
true,4,8,8,32,false,true,LOG_DVC_REDIS,false,false,ONE_PC,YCSB,0.7,0.5,10,0.5,true,1,1,True,15,0,release,0,False,5.89177,80.1117,0.32919,0,0,0,0,0,0,0,0,0,0,0,0,0,0,0,-nan,-nan,-nan,-nan,-nan,1337.79,0,3938.63,109.82,193.263,2668.75,0,0,0,0,0,0,0,0,0,0,0,0.683359,0,0,0.00122383,0,0.486652,438.056,76053,0,449.718,28322.9,0,-nan,0,0,3071,8004.59,0,2564.89,4861.51,0,-nan,0,0,2343.28,36725.3,0,-nan,0,0,-nan,0,0,2.77966,6113.9,2.77966,9192.14,2467,0,407.944,0.0055795,0.00824834,0.0055795,-nan,-nan,0.00882557,0.0108403,0.0169599,0.0169599,0.00882557,0.0108403,0.0169599,0.0169599,,,,,,,59,9018,0,0,0,59,9018,0,6741,2277,0,0,0,0,0,0,0,0,0,0,0,0,0,0,0,0,0,0,0,0,0,0,0,0,277,59,9077,0,0,0,0,0,0,0,0,0,"thr,num_commits,num_aborts,num_precommits,num_waits,num_single_part_txn,num_multi_part_txn,num_aborts_restart,num_aborts_terminate,num_aborts_local,num_aborts_remote,num_affected_txn_co,num_affected_txn_pa,log_num,msg_cnt,msg_size,num_renewals,num_no_need_to_renewal,num_cache_bypass,num_cache_reads,num_cache_hits,num_cache_misses,num_cache_remove,num_cache_inserts,num_cache_updates,num_cache_evictions,num_local_hits,num_renew,num_renew_success,num_renew_failure,num_ro_read,num_ro_check,num_rw_read,num_rw_check,int_debug1,int_debug2,int_debug3,int_debug4,int_debug5,int_debug6,int_urgentwrite,int_aborts_rs1,int_aborts_rs2,int_aborts_rs3,int_aborts_ws1,int_aborts_ws2,int_saved_by_hist,run_time,average_latency,dist_txn_latency,time_process_txn,time_idle,time_write_output_queue,log_size,bytes_sent,dummy_bytes_sent,time_send_msg,time_read_queue,time_output_idle,bytes_received,time_recv_msg,time_write_queue,time_input_idle,logging_send_time,logging_commit_time,single_part_execute_phase,single_part_precommit_phase,single_part_log_latency,single_part_commit_phase,single_part_abort,multi_part_execute_phase,multi_part_precommit_phase,multi_part_prepare_phase,multi_part_commit_phase,multi_part_abort,multi_part_cleanup_phase,terminate_time_co,terminate_time_pa,log_ready_time,dependency_ready_time,CC","59,59,823,0,0,0,59,823,0,613,210,0,0,0,0,0,0,0,0,0,0,0,0,0,0,0,0,0,0,0,0,0,0,0,0,277,59,883,0,0,0,0,0,0,0,0,0,0,0.32919,0.32919,0,0,0,0,0,0,0,0,0,0,0,0,0,0,0,0,0,0,0,0,0.0789296,0,0.232379,0.00647936,0.0114025,0.157456,0,0,0,0,0,0,0,0,0,0,0,0.683359,0,0,0,0,0.486652,","0,0,916,0,0,0,0,916,0,684,232,0,0,0,0,0,0,0,0,0,0,0,0,0,0,0,0,0,0,0,0,0,0,0,0,0,0,916,0,0,0,0,0,0,0,0,0,0,0,0,0,0,0,0,0,0,0,0,0,0,0,0,0,0,0,0,0,0,0,0,0,0,0,0,0,0,0,0,0,0,0,0,0,0,0,0,0,0,0,0,0,0,0,","0,0,931,0,0,0,0,931,0,698,233,0,0,0,0,0,0,0,0,0,0,0,0,0,0,0,0,0,0,0,0,0,0,0,0,0,0,932,0,0,0,0,0,0,0,0,0,0,0,0,0,0,0,0,0,0,0,0,0,0,0,0,0,0,0,0,0,0,0,0,0,0,0,0,0,0,0,0,0,0,0,0,0,0,0,0,0,0,0,0,0,0,0,","0,0,915,0,0,0,0,915,0,682,233,0,0,0,0,0,0,0,0,0,0,0,0,0,0,0,0,0,0,0,0,0,0,0,0,0,0,916,0,0,0,0,0,0,0,0,0,0,0,0,0,0,0,0,0,0,0,0,0,0,0,0,0,0,0,0,0,0,0,0,0,0,0,0,0,0,0,0,0,0,0,0,0,0,0,0,0,0,0,0,0,0,0,","0,0,929,0,0,0,0,929,0,696,233,0,0,0,0,0,0,0,0,0,0,0,0,0,0,0,0,0,0,0,0,0,0,0,0,0,0,927,0,0,0,0,0,0,0,0,0,0,0,0,0,0,0,0,0,0,0,0,0,0,0,0,0,0,0,0,0,0,0,0,0,0,0,0,0,0,0,0,0,0,0,0,0,0,0,0,0,0,0,0,0,0,0,","0,0,896,0,0,0,0,896,0,676,220,0,0,0,0,0,0,0,0,0,0,0,0,0,0,0,0,0,0,0,0,0,0,0,0,0,0,897,0,0,0,0,0,0,0,0,0,0,0,0,0,0,0,0,0,0,0,0,0,0,0,0,0,0,0,0,0,0,0,0,0,0,0,0,0,0,0,0,0,0,0,0,0,0,0,0,0,0,0,0,0,0,0,","0,0,938,0,0,0,0,938,0,697,241,0,0,0,0,0,0,0,0,0,0,0,0,0,0,0,0,0,0,0,0,0,0,0,0,0,0,937,0,0,0,0,0,0,0,0,0,0,0,0,0,0,0,0,0,0,0,0,0,0,0,0,0,0,0,0,0,0,0,0,0,0,0,0,0,0,0,0,0,0,0,0,0,0,0,0,0,0,0,0,0,0,0,","0,0,910,0,0,0,0,910,0,679,231,0,0,0,0,0,0,0,0,0,0,0,0,0,0,0,0,0,0,0,0,0,0,0,0,0,0,912,0,0,0,0,0,0,0,0,0,0,0,0,0,0,0,0,0,0,0,0,0,0,0,0,0,0,0,0,0,0,0,0,0,0,0,0,0,0,0,0,0,0,0,0,0,0,0,0,0,0,0,0,0,0,0,","0,0,896,0,0,0,0,896,0,670,226,0,0,0,0,0,0,0,0,0,0,0,0,0,0,0,0,0,0,0,0,0,0,0,0,0,0,895,0,0,0,0,0,0,0,0,0,0,0,0,0,0,0,0,0,0,0,0,0,0,0,0,0,0,0,0,0,0,0,0,0,0,0,0,0,0,0,0,0,0,0,0,0,0,0,0,0,0,0,0,0,0,0,"
true,4,8,8,32,false,true,LOG_DVC_REDIS,false,false,ONE_PC,YCSB,0.9,0.5,10,0.5,true,1,1,True,15,0,release,0,False,0.199937,80.025,0.0126208,0,0,0,0,0,0,0,0,0,0,0,0,0,0,0,-nan,-nan,-nan,-nan,-nan,1881.96,0,4332.53,95.8845,0,2097.43,0,0,0,0,0,0,0,0,0,0,0,0.0945431,0,0,0.00142204,0,0.016816,380.814,13814.6,0,382.089,11679.3,0,-nan,0,0,3631.64,5585.62,0,-nan,0,0,-nan,0,0,2398.97,18069.5,0,-nan,0,0,-nan,0,0,3,7064,3,9720,2487.98,0,474.014,0.00631038,0.008408,0.00631038,-nan,-nan,0.00781516,0.00781516,0.00781516,0.00781516,0.00781516,0.00781516,0.00781516,0.00781516,,,,,,,2,9474,0,0,0,2,9474,0,4619,4855,0,0,0,0,0,0,0,0,0,0,0,0,0,0,0,0,0,0,0,0,0,0,0,0,38,2,9476,0,0,0,0,0,0,0,0,0,"thr,num_commits,num_aborts,num_precommits,num_waits,num_single_part_txn,num_multi_part_txn,num_aborts_restart,num_aborts_terminate,num_aborts_local,num_aborts_remote,num_affected_txn_co,num_affected_txn_pa,log_num,msg_cnt,msg_size,num_renewals,num_no_need_to_renewal,num_cache_bypass,num_cache_reads,num_cache_hits,num_cache_misses,num_cache_remove,num_cache_inserts,num_cache_updates,num_cache_evictions,num_local_hits,num_renew,num_renew_success,num_renew_failure,num_ro_read,num_ro_check,num_rw_read,num_rw_check,int_debug1,int_debug2,int_debug3,int_debug4,int_debug5,int_debug6,int_urgentwrite,int_aborts_rs1,int_aborts_rs2,int_aborts_rs3,int_aborts_ws1,int_aborts_ws2,int_saved_by_hist,run_time,average_latency,dist_txn_latency,time_process_txn,time_idle,time_write_output_queue,log_size,bytes_sent,dummy_bytes_sent,time_send_msg,time_read_queue,time_output_idle,bytes_received,time_recv_msg,time_write_queue,time_input_idle,logging_send_time,logging_commit_time,single_part_execute_phase,single_part_precommit_phase,single_part_log_latency,single_part_commit_phase,single_part_abort,multi_part_execute_phase,multi_part_precommit_phase,multi_part_prepare_phase,multi_part_commit_phase,multi_part_abort,multi_part_cleanup_phase,terminate_time_co,terminate_time_pa,log_ready_time,dependency_ready_time,CC","2,2,951,0,0,0,2,951,0,471,480,0,0,0,0,0,0,0,0,0,0,0,0,0,0,0,0,0,0,0,0,0,0,0,0,38,2,957,0,0,0,0,0,0,0,0,0,0,0.0126208,0.0126208,0,0,0,0,0,0,0,0,0,0,0,0,0,0,0,0,0,0,0,0,0.00376392,0,0.00866507,0.000191769,0,0.00419485,0,0,0,0,0,0,0,0,0,0,0,0.0945431,0,0,0,0,0.016816,","0,0,933,0,0,0,0,933,0,447,486,0,0,0,0,0,0,0,0,0,0,0,0,0,0,0,0,0,0,0,0,0,0,0,0,0,0,931,0,0,0,0,0,0,0,0,0,0,0,0,0,0,0,0,0,0,0,0,0,0,0,0,0,0,0,0,0,0,0,0,0,0,0,0,0,0,0,0,0,0,0,0,0,0,0,0,0,0,0,0,0,0,0,","0,0,958,0,0,0,0,958,0,473,485,0,0,0,0,0,0,0,0,0,0,0,0,0,0,0,0,0,0,0,0,0,0,0,0,0,0,958,0,0,0,0,0,0,0,0,0,0,0,0,0,0,0,0,0,0,0,0,0,0,0,0,0,0,0,0,0,0,0,0,0,0,0,0,0,0,0,0,0,0,0,0,0,0,0,0,0,0,0,0,0,0,0,","0,0,941,0,0,0,0,941,0,456,485,0,0,0,0,0,0,0,0,0,0,0,0,0,0,0,0,0,0,0,0,0,0,0,0,0,0,940,0,0,0,0,0,0,0,0,0,0,0,0,0,0,0,0,0,0,0,0,0,0,0,0,0,0,0,0,0,0,0,0,0,0,0,0,0,0,0,0,0,0,0,0,0,0,0,0,0,0,0,0,0,0,0,","0,0,948,0,0,0,0,948,0,470,478,0,0,0,0,0,0,0,0,0,0,0,0,0,0,0,0,0,0,0,0,0,0,0,0,0,0,949,0,0,0,0,0,0,0,0,0,0,0,0,0,0,0,0,0,0,0,0,0,0,0,0,0,0,0,0,0,0,0,0,0,0,0,0,0,0,0,0,0,0,0,0,0,0,0,0,0,0,0,0,0,0,0,","0,0,994,0,0,0,0,994,0,490,504,0,0,0,0,0,0,0,0,0,0,0,0,0,0,0,0,0,0,0,0,0,0,0,0,0,0,996,0,0,0,0,0,0,0,0,0,0,0,0,0,0,0,0,0,0,0,0,0,0,0,0,0,0,0,0,0,0,0,0,0,0,0,0,0,0,0,0,0,0,0,0,0,0,0,0,0,0,0,0,0,0,0,","0,0,940,0,0,0,0,940,0,450,490,0,0,0,0,0,0,0,0,0,0,0,0,0,0,0,0,0,0,0,0,0,0,0,0,0,0,937,0,0,0,0,0,0,0,0,0,0,0,0,0,0,0,0,0,0,0,0,0,0,0,0,0,0,0,0,0,0,0,0,0,0,0,0,0,0,0,0,0,0,0,0,0,0,0,0,0,0,0,0,0,0,0,","0,0,934,0,0,0,0,934,0,448,486,0,0,0,0,0,0,0,0,0,0,0,0,0,0,0,0,0,0,0,0,0,0,0,0,0,0,934,0,0,0,0,0,0,0,0,0,0,0,0,0,0,0,0,0,0,0,0,0,0,0,0,0,0,0,0,0,0,0,0,0,0,0,0,0,0,0,0,0,0,0,0,0,0,0,0,0,0,0,0,0,0,0,","0,0,961,0,0,0,0,961,0,467,494,0,0,0,0,0,0,0,0,0,0,0,0,0,0,0,0,0,0,0,0,0,0,0,0,0,0,963,0,0,0,0,0,0,0,0,0,0,0,0,0,0,0,0,0,0,0,0,0,0,0,0,0,0,0,0,0,0,0,0,0,0,0,0,0,0,0,0,0,0,0,0,0,0,0,0,0,0,0,0,0,0,0,"
true,4,8,8,32,false,true,LOG_DVC_REDIS,false,false,ONE_PC,YCSB,0.99,0.5,10,0.5,true,1,1,True,15,0,release,0,False,0.199906,80.0374,0.0230071,0,0,0,0,0,0,0,0,0,0,0,0,0,0,0,-nan,-nan,-nan,-nan,-nan,2333.44,0,3904.34,154.98,5110.79,2284.05,0,0,0,0,0,0,0,0,0,0,0,0.0379234,0,0,0.00130008,0,0.0275754,372.749,71908,0,368.975,15050.8,0,-nan,0,0,2885.71,4723.35,0,-nan,0,0,-nan,0,0,2488.46,35268.4,0,-nan,0,0,-nan,0,0,3,5896,3,8064,2528.23,0,433.36,0.0115036,0.0137877,0.0115036,-nan,-nan,0.0160177,0.0160177,0.0160177,0.0160177,0.0160177,0.0160177,0.0160177,0.0160177,,,,,,,2,9484,0,0,0,2,9484,0,2272,7212,0,0,0,0,0,0,0,0,0,0,0,0,0,0,0,0,0,0,0,0,0,0,0,0,15,2,9486,0,0,0,0,0,0,0,0,0,"thr,num_commits,num_aborts,num_precommits,num_waits,num_single_part_txn,num_multi_part_txn,num_aborts_restart,num_aborts_terminate,num_aborts_local,num_aborts_remote,num_affected_txn_co,num_affected_txn_pa,log_num,msg_cnt,msg_size,num_renewals,num_no_need_to_renewal,num_cache_bypass,num_cache_reads,num_cache_hits,num_cache_misses,num_cache_remove,num_cache_inserts,num_cache_updates,num_cache_evictions,num_local_hits,num_renew,num_renew_success,num_renew_failure,num_ro_read,num_ro_check,num_rw_read,num_rw_check,int_debug1,int_debug2,int_debug3,int_debug4,int_debug5,int_debug6,int_urgentwrite,int_aborts_rs1,int_aborts_rs2,int_aborts_rs3,int_aborts_ws1,int_aborts_ws2,int_saved_by_hist,run_time,average_latency,dist_txn_latency,time_process_txn,time_idle,time_write_output_queue,log_size,bytes_sent,dummy_bytes_sent,time_send_msg,time_read_queue,time_output_idle,bytes_received,time_recv_msg,time_write_queue,time_input_idle,logging_send_time,logging_commit_time,single_part_execute_phase,single_part_precommit_phase,single_part_log_latency,single_part_commit_phase,single_part_abort,multi_part_execute_phase,multi_part_precommit_phase,multi_part_prepare_phase,multi_part_commit_phase,multi_part_abort,multi_part_cleanup_phase,terminate_time_co,terminate_time_pa,log_ready_time,dependency_ready_time,CC","2,2,949,0,0,0,2,949,0,239,710,0,0,0,0,0,0,0,0,0,0,0,0,0,0,0,0,0,0,0,0,0,0,0,0,15,2,954,0,0,0,0,0,0,0,0,0,0,0.0230071,0.0230071,0,0,0,0,0,0,0,0,0,0,0,0,0,0,0,0,0,0,0,0,0.00466689,0,0.00780869,0.00030996,0.0102216,0.00456811,0,0,0,0,0,0,0,0,0,0,0,0.0379234,0,0,0,0,0.0275754,","0,0,919,0,0,0,0,919,0,215,704,0,0,0,0,0,0,0,0,0,0,0,0,0,0,0,0,0,0,0,0,0,0,0,0,0,0,920,0,0,0,0,0,0,0,0,0,0,0,0,0,0,0,0,0,0,0,0,0,0,0,0,0,0,0,0,0,0,0,0,0,0,0,0,0,0,0,0,0,0,0,0,0,0,0,0,0,0,0,0,0,0,0,","0,0,935,0,0,0,0,935,0,224,711,0,0,0,0,0,0,0,0,0,0,0,0,0,0,0,0,0,0,0,0,0,0,0,0,0,0,934,0,0,0,0,0,0,0,0,0,0,0,0,0,0,0,0,0,0,0,0,0,0,0,0,0,0,0,0,0,0,0,0,0,0,0,0,0,0,0,0,0,0,0,0,0,0,0,0,0,0,0,0,0,0,0,","0,0,956,0,0,0,0,956,0,226,730,0,0,0,0,0,0,0,0,0,0,0,0,0,0,0,0,0,0,0,0,0,0,0,0,0,0,953,0,0,0,0,0,0,0,0,0,0,0,0,0,0,0,0,0,0,0,0,0,0,0,0,0,0,0,0,0,0,0,0,0,0,0,0,0,0,0,0,0,0,0,0,0,0,0,0,0,0,0,0,0,0,0,","0,0,980,0,0,0,0,980,0,234,746,0,0,0,0,0,0,0,0,0,0,0,0,0,0,0,0,0,0,0,0,0,0,0,0,0,0,983,0,0,0,0,0,0,0,0,0,0,0,0,0,0,0,0,0,0,0,0,0,0,0,0,0,0,0,0,0,0,0,0,0,0,0,0,0,0,0,0,0,0,0,0,0,0,0,0,0,0,0,0,0,0,0,","0,0,910,0,0,0,0,910,0,221,689,0,0,0,0,0,0,0,0,0,0,0,0,0,0,0,0,0,0,0,0,0,0,0,0,0,0,910,0,0,0,0,0,0,0,0,0,0,0,0,0,0,0,0,0,0,0,0,0,0,0,0,0,0,0,0,0,0,0,0,0,0,0,0,0,0,0,0,0,0,0,0,0,0,0,0,0,0,0,0,0,0,0,","0,0,933,0,0,0,0,933,0,220,713,0,0,0,0,0,0,0,0,0,0,0,0,0,0,0,0,0,0,0,0,0,0,0,0,0,0,930,0,0,0,0,0,0,0,0,0,0,0,0,0,0,0,0,0,0,0,0,0,0,0,0,0,0,0,0,0,0,0,0,0,0,0,0,0,0,0,0,0,0,0,0,0,0,0,0,0,0,0,0,0,0,0,","0,0,958,0,0,0,0,958,0,228,730,0,0,0,0,0,0,0,0,0,0,0,0,0,0,0,0,0,0,0,0,0,0,0,0,0,0,958,0,0,0,0,0,0,0,0,0,0,0,0,0,0,0,0,0,0,0,0,0,0,0,0,0,0,0,0,0,0,0,0,0,0,0,0,0,0,0,0,0,0,0,0,0,0,0,0,0,0,0,0,0,0,0,","0,0,989,0,0,0,0,989,0,233,756,0,0,0,0,0,0,0,0,0,0,0,0,0,0,0,0,0,0,0,0,0,0,0,0,0,0,991,0,0,0,0,0,0,0,0,0,0,0,0,0,0,0,0,0,0,0,0,0,0,0,0,0,0,0,0,0,0,0,0,0,0,0,0,0,0,0,0,0,0,0,0,0,0,0,0,0,0,0,0,0,0,0,"
true,4,8,8,32,false,true,LOG_DVC_REDIS,false,false,ONE_PC,YCSB,0,0.5,10,0.5,true,1,1,True,15,1,release,0,False,76.0633,80.0386,3.97608,0,0,0,0,0,0,0,0,0,0,0,0,0,0,0,-nan,-nan,-nan,-nan,-nan,1517.32,0,3615.77,91.7139,0,1809.9,0,0,0,0,0,0,0,0,0,0,0,4.50009,0,0,0.00173453,0,5.3535,450.425,68764.9,0,327.713,5962.03,0,302.617,976.987,0,2865.12,9924.89,0,2908.26,9479.24,0,-nan,0,0,2024.91,11524.9,0,-nan,0,0,-nan,0,0,2.86107,5796.98,2.85845,9126.54,1827.82,0,578.178,0.00522481,0.00703483,0.00522481,-nan,-nan,0.00702712,0.00841653,0.0115187,0.0148085,0.00702712,0.00841653,0.0115187,0.0148085,,,,,,,761,9565,0,0,0,761,9565,0,1330,8235,0,0,0,0,0,0,0,0,0,0,0,0,0,0,0,0,0,0,0,0,0,0,0,0,2462,763,10326,0,0,0,0,0,0,0,0,0,"thr,num_commits,num_aborts,num_precommits,num_waits,num_single_part_txn,num_multi_part_txn,num_aborts_restart,num_aborts_terminate,num_aborts_local,num_aborts_remote,num_affected_txn_co,num_affected_txn_pa,log_num,msg_cnt,msg_size,num_renewals,num_no_need_to_renewal,num_cache_bypass,num_cache_reads,num_cache_hits,num_cache_misses,num_cache_remove,num_cache_inserts,num_cache_updates,num_cache_evictions,num_local_hits,num_renew,num_renew_success,num_renew_failure,num_ro_read,num_ro_check,num_rw_read,num_rw_check,int_debug1,int_debug2,int_debug3,int_debug4,int_debug5,int_debug6,int_urgentwrite,int_aborts_rs1,int_aborts_rs2,int_aborts_rs3,int_aborts_ws1,int_aborts_ws2,int_saved_by_hist,run_time,average_latency,dist_txn_latency,time_process_txn,time_idle,time_write_output_queue,log_size,bytes_sent,dummy_bytes_sent,time_send_msg,time_read_queue,time_output_idle,bytes_received,time_recv_msg,time_write_queue,time_input_idle,logging_send_time,logging_commit_time,single_part_execute_phase,single_part_precommit_phase,single_part_log_latency,single_part_commit_phase,single_part_abort,multi_part_execute_phase,multi_part_precommit_phase,multi_part_prepare_phase,multi_part_commit_phase,multi_part_abort,multi_part_cleanup_phase,terminate_time_co,terminate_time_pa,log_ready_time,dependency_ready_time,CC","761,761,304,0,0,0,761,304,0,157,147,0,0,0,0,0,0,0,0,0,0,0,0,0,0,0,0,0,0,0,0,0,0,0,0,2462,763,1065,0,0,0,0,0,0,0,0,0,0,3.97608,3.97608,0,0,0,0,0,0,0,0,0,0,0,0,0,0,0,0,0,0,0,0,1.15468,0,2.7516,0.0697942,0,1.37733,0,0,0,0,0,0,0,0,0,0,0,4.50009,0,0,0,0,5.3535,","0,0,1018,0,0,0,0,1018,0,130,888,0,0,0,0,0,0,0,0,0,0,0,0,0,0,0,0,0,0,0,0,0,0,0,0,0,0,1021,0,0,0,0,0,0,0,0,0,0,0,0,0,0,0,0,0,0,0,0,0,0,0,0,0,0,0,0,0,0,0,0,0,0,0,0,0,0,0,0,0,0,0,0,0,0,0,0,0,0,0,0,0,0,0,","0,0,1028,0,0,0,0,1028,0,129,899,0,0,0,0,0,0,0,0,0,0,0,0,0,0,0,0,0,0,0,0,0,0,0,0,0,0,1029,0,0,0,0,0,0,0,0,0,0,0,0,0,0,0,0,0,0,0,0,0,0,0,0,0,0,0,0,0,0,0,0,0,0,0,0,0,0,0,0,0,0,0,0,0,0,0,0,0,0,0,0,0,0,0,","0,0,1020,0,0,0,0,1020,0,130,890,0,0,0,0,0,0,0,0,0,0,0,0,0,0,0,0,0,0,0,0,0,0,0,0,0,0,1018,0,0,0,0,0,0,0,0,0,0,0,0,0,0,0,0,0,0,0,0,0,0,0,0,0,0,0,0,0,0,0,0,0,0,0,0,0,0,0,0,0,0,0,0,0,0,0,0,0,0,0,0,0,0,0,","0,0,1021,0,0,0,0,1021,0,125,896,0,0,0,0,0,0,0,0,0,0,0,0,0,0,0,0,0,0,0,0,0,0,0,0,0,0,1020,0,0,0,0,0,0,0,0,0,0,0,0,0,0,0,0,0,0,0,0,0,0,0,0,0,0,0,0,0,0,0,0,0,0,0,0,0,0,0,0,0,0,0,0,0,0,0,0,0,0,0,0,0,0,0,","0,0,1037,0,0,0,0,1037,0,134,903,0,0,0,0,0,0,0,0,0,0,0,0,0,0,0,0,0,0,0,0,0,0,0,0,0,0,1038,0,0,0,0,0,0,0,0,0,0,0,0,0,0,0,0,0,0,0,0,0,0,0,0,0,0,0,0,0,0,0,0,0,0,0,0,0,0,0,0,0,0,0,0,0,0,0,0,0,0,0,0,0,0,0,","0,0,1028,0,0,0,0,1028,0,124,904,0,0,0,0,0,0,0,0,0,0,0,0,0,0,0,0,0,0,0,0,0,0,0,0,0,0,1027,0,0,0,0,0,0,0,0,0,0,0,0,0,0,0,0,0,0,0,0,0,0,0,0,0,0,0,0,0,0,0,0,0,0,0,0,0,0,0,0,0,0,0,0,0,0,0,0,0,0,0,0,0,0,0,","0,0,1043,0,0,0,0,1043,0,140,903,0,0,0,0,0,0,0,0,0,0,0,0,0,0,0,0,0,0,0,0,0,0,0,0,0,0,1044,0,0,0,0,0,0,0,0,0,0,0,0,0,0,0,0,0,0,0,0,0,0,0,0,0,0,0,0,0,0,0,0,0,0,0,0,0,0,0,0,0,0,0,0,0,0,0,0,0,0,0,0,0,0,0,","0,0,1042,0,0,0,0,1042,0,131,911,0,0,0,0,0,0,0,0,0,0,0,0,0,0,0,0,0,0,0,0,0,0,0,0,0,0,1043,0,0,0,0,0,0,0,0,0,0,0,0,0,0,0,0,0,0,0,0,0,0,0,0,0,0,0,0,0,0,0,0,0,0,0,0,0,0,0,0,0,0,0,0,0,0,0,0,0,0,0,0,0,0,0,"
true,4,8,8,32,false,true,LOG_DVC_REDIS,false,false,ONE_PC,YCSB,0.5,0.5,10,0.5,true,1,1,True,15,1,release,0,False,57.0711,80.0405,2.72456,0,0,0,0,0,0,0,0,0,0,0,0,0,0,0,-nan,-nan,-nan,-nan,-nan,1256.37,0,3407.32,107.866,0,1811.38,0,0,0,0,0,0,0,0,0,0,0,3.3495,0,0,0.00139635,0,3.75895,404.563,68122.2,0,325.458,3504.34,0,272.854,3860.97,0,2719.03,10824.1,0,2701.17,10960.5,0,-nan,0,0,2057.03,14226.2,0,-nan,0,0,-nan,0,0,2.85639,5741.93,2.85639,9063.85,1882.8,0,465.448,0.00477157,0.0065831,0.00477157,-nan,-nan,0.00629433,0.007013,0.00973347,0.0168611,0.00629433,0.007013,0.00973347,0.0168611,,,,,,,571,9638,0,0,0,571,9638,0,1551,8087,0,0,0,0,0,0,0,0,0,0,0,0,0,0,0,0,0,0,0,0,0,0,0,0,1779,571,10209,0,0,0,0,0,0,0,0,0,"thr,num_commits,num_aborts,num_precommits,num_waits,num_single_part_txn,num_multi_part_txn,num_aborts_restart,num_aborts_terminate,num_aborts_local,num_aborts_remote,num_affected_txn_co,num_affected_txn_pa,log_num,msg_cnt,msg_size,num_renewals,num_no_need_to_renewal,num_cache_bypass,num_cache_reads,num_cache_hits,num_cache_misses,num_cache_remove,num_cache_inserts,num_cache_updates,num_cache_evictions,num_local_hits,num_renew,num_renew_success,num_renew_failure,num_ro_read,num_ro_check,num_rw_read,num_rw_check,int_debug1,int_debug2,int_debug3,int_debug4,int_debug5,int_debug6,int_urgentwrite,int_aborts_rs1,int_aborts_rs2,int_aborts_rs3,int_aborts_ws1,int_aborts_ws2,int_saved_by_hist,run_time,average_latency,dist_txn_latency,time_process_txn,time_idle,time_write_output_queue,log_size,bytes_sent,dummy_bytes_sent,time_send_msg,time_read_queue,time_output_idle,bytes_received,time_recv_msg,time_write_queue,time_input_idle,logging_send_time,logging_commit_time,single_part_execute_phase,single_part_precommit_phase,single_part_log_latency,single_part_commit_phase,single_part_abort,multi_part_execute_phase,multi_part_precommit_phase,multi_part_prepare_phase,multi_part_commit_phase,multi_part_abort,multi_part_cleanup_phase,terminate_time_co,terminate_time_pa,log_ready_time,dependency_ready_time,CC","571,571,506,0,0,0,571,506,0,378,128,0,0,0,0,0,0,0,0,0,0,0,0,0,0,0,0,0,0,0,0,0,0,0,0,1779,571,1078,0,0,0,0,0,0,0,0,0,0,2.72456,2.72456,0,0,0,0,0,0,0,0,0,0,0,0,0,0,0,0,0,0,0,0,0.71739,0,1.94558,0.0615916,0,1.0343,0,0,0,0,0,0,0,0,0,0,0,3.3495,0,0,0,0,3.75895,","0,0,999,0,0,0,0,999,0,129,870,0,0,0,0,0,0,0,0,0,0,0,0,0,0,0,0,0,0,0,0,0,0,0,0,0,0,1002,0,0,0,0,0,0,0,0,0,0,0,0,0,0,0,0,0,0,0,0,0,0,0,0,0,0,0,0,0,0,0,0,0,0,0,0,0,0,0,0,0,0,0,0,0,0,0,0,0,0,0,0,0,0,0,","0,0,1043,0,0,0,0,1043,0,133,910,0,0,0,0,0,0,0,0,0,0,0,0,0,0,0,0,0,0,0,0,0,0,0,0,0,0,1040,0,0,0,0,0,0,0,0,0,0,0,0,0,0,0,0,0,0,0,0,0,0,0,0,0,0,0,0,0,0,0,0,0,0,0,0,0,0,0,0,0,0,0,0,0,0,0,0,0,0,0,0,0,0,0,","0,0,1006,0,0,0,0,1006,0,128,878,0,0,0,0,0,0,0,0,0,0,0,0,0,0,0,0,0,0,0,0,0,0,0,0,0,0,1006,0,0,0,0,0,0,0,0,0,0,0,0,0,0,0,0,0,0,0,0,0,0,0,0,0,0,0,0,0,0,0,0,0,0,0,0,0,0,0,0,0,0,0,0,0,0,0,0,0,0,0,0,0,0,0,","0,0,999,0,0,0,0,999,0,125,874,0,0,0,0,0,0,0,0,0,0,0,0,0,0,0,0,0,0,0,0,0,0,0,0,0,0,998,0,0,0,0,0,0,0,0,0,0,0,0,0,0,0,0,0,0,0,0,0,0,0,0,0,0,0,0,0,0,0,0,0,0,0,0,0,0,0,0,0,0,0,0,0,0,0,0,0,0,0,0,0,0,0,","0,0,973,0,0,0,0,973,0,130,843,0,0,0,0,0,0,0,0,0,0,0,0,0,0,0,0,0,0,0,0,0,0,0,0,0,0,976,0,0,0,0,0,0,0,0,0,0,0,0,0,0,0,0,0,0,0,0,0,0,0,0,0,0,0,0,0,0,0,0,0,0,0,0,0,0,0,0,0,0,0,0,0,0,0,0,0,0,0,0,0,0,0,","0,0,1016,0,0,0,0,1016,0,126,890,0,0,0,0,0,0,0,0,0,0,0,0,0,0,0,0,0,0,0,0,0,0,0,0,0,0,1015,0,0,0,0,0,0,0,0,0,0,0,0,0,0,0,0,0,0,0,0,0,0,0,0,0,0,0,0,0,0,0,0,0,0,0,0,0,0,0,0,0,0,0,0,0,0,0,0,0,0,0,0,0,0,0,","0,0,1029,0,0,0,0,1029,0,140,889,0,0,0,0,0,0,0,0,0,0,0,0,0,0,0,0,0,0,0,0,0,0,0,0,0,0,1029,0,0,0,0,0,0,0,0,0,0,0,0,0,0,0,0,0,0,0,0,0,0,0,0,0,0,0,0,0,0,0,0,0,0,0,0,0,0,0,0,0,0,0,0,0,0,0,0,0,0,0,0,0,0,0,","0,0,1038,0,0,0,0,1038,0,132,906,0,0,0,0,0,0,0,0,0,0,0,0,0,0,0,0,0,0,0,0,0,0,0,0,0,0,1036,0,0,0,0,0,0,0,0,0,0,0,0,0,0,0,0,0,0,0,0,0,0,0,0,0,0,0,0,0,0,0,0,0,0,0,0,0,0,0,0,0,0,0,0,0,0,0,0,0,0,0,0,0,0,0,"
true,4,8,8,32,false,true,LOG_DVC_REDIS,false,false,ONE_PC,YCSB,0.7,0.5,10,0.5,true,1,1,True,15,1,release,0,False,4.59876,80.0216,0.22625,0,0,0,0,0,0,0,0,0,0,0,0,0,0,0,-nan,-nan,-nan,-nan,-nan,1211.29,0,3324.86,73.001,309.333,1594.9,0,0,0,0,0,0,0,0,0,0,0,0.589318,0,0,0.00119216,0,0.299623,353.513,58803.3,0,312.926,7588.7,0,-nan,0,0,2703.02,5021.38,0,2651.89,4413.32,0,-nan,0,0,2133.47,11936,0,-nan,0,0,-nan,0,0,2.78261,6033.22,2.78261,9056,1759.16,0,397.386,0.00491849,0.00651354,0.00491849,-nan,-nan,0.00656099,0.00698,0.0192866,0.0192866,0.00656099,0.00698,0.0192866,0.0192866,,,,,,,46,9976,0,0,0,46,9976,0,4948,5028,0,0,0,0,0,0,0,0,0,0,0,0,0,0,0,0,0,0,0,0,0,0,0,0,335,46,10022,0,0,0,0,0,0,0,0,0,"thr,num_commits,num_aborts,num_precommits,num_waits,num_single_part_txn,num_multi_part_txn,num_aborts_restart,num_aborts_terminate,num_aborts_local,num_aborts_remote,num_affected_txn_co,num_affected_txn_pa,log_num,msg_cnt,msg_size,num_renewals,num_no_need_to_renewal,num_cache_bypass,num_cache_reads,num_cache_hits,num_cache_misses,num_cache_remove,num_cache_inserts,num_cache_updates,num_cache_evictions,num_local_hits,num_renew,num_renew_success,num_renew_failure,num_ro_read,num_ro_check,num_rw_read,num_rw_check,int_debug1,int_debug2,int_debug3,int_debug4,int_debug5,int_debug6,int_urgentwrite,int_aborts_rs1,int_aborts_rs2,int_aborts_rs3,int_aborts_ws1,int_aborts_ws2,int_saved_by_hist,run_time,average_latency,dist_txn_latency,time_process_txn,time_idle,time_write_output_queue,log_size,bytes_sent,dummy_bytes_sent,time_send_msg,time_read_queue,time_output_idle,bytes_received,time_recv_msg,time_write_queue,time_input_idle,logging_send_time,logging_commit_time,single_part_execute_phase,single_part_precommit_phase,single_part_log_latency,single_part_commit_phase,single_part_abort,multi_part_execute_phase,multi_part_precommit_phase,multi_part_prepare_phase,multi_part_commit_phase,multi_part_abort,multi_part_cleanup_phase,terminate_time_co,terminate_time_pa,log_ready_time,dependency_ready_time,CC","46,46,969,0,0,0,46,969,0,472,497,0,0,0,0,0,0,0,0,0,0,0,0,0,0,0,0,0,0,0,0,0,0,0,0,335,46,1019,0,0,0,0,0,0,0,0,0,0,0.22625,0.22625,0,0,0,0,0,0,0,0,0,0,0,0,0,0,0,0,0,0,0,0,0.0557195,0,0.152944,0.00335805,0.0142293,0.0733656,0,0,0,0,0,0,0,0,0,0,0,0.589318,0,0,0,0,0.299623,","0,0,1009,0,0,0,0,1009,0,509,500,0,0,0,0,0,0,0,0,0,0,0,0,0,0,0,0,0,0,0,0,0,0,0,0,0,0,1006,0,0,0,0,0,0,0,0,0,0,0,0,0,0,0,0,0,0,0,0,0,0,0,0,0,0,0,0,0,0,0,0,0,0,0,0,0,0,0,0,0,0,0,0,0,0,0,0,0,0,0,0,0,0,0,","0,0,1026,0,0,0,0,1026,0,512,514,0,0,0,0,0,0,0,0,0,0,0,0,0,0,0,0,0,0,0,0,0,0,0,0,0,0,1029,0,0,0,0,0,0,0,0,0,0,0,0,0,0,0,0,0,0,0,0,0,0,0,0,0,0,0,0,0,0,0,0,0,0,0,0,0,0,0,0,0,0,0,0,0,0,0,0,0,0,0,0,0,0,0,","0,0,1008,0,0,0,0,1008,0,498,510,0,0,0,0,0,0,0,0,0,0,0,0,0,0,0,0,0,0,0,0,0,0,0,0,0,0,1007,0,0,0,0,0,0,0,0,0,0,0,0,0,0,0,0,0,0,0,0,0,0,0,0,0,0,0,0,0,0,0,0,0,0,0,0,0,0,0,0,0,0,0,0,0,0,0,0,0,0,0,0,0,0,0,","0,0,1011,0,0,0,0,1011,0,507,504,0,0,0,0,0,0,0,0,0,0,0,0,0,0,0,0,0,0,0,0,0,0,0,0,0,0,1010,0,0,0,0,0,0,0,0,0,0,0,0,0,0,0,0,0,0,0,0,0,0,0,0,0,0,0,0,0,0,0,0,0,0,0,0,0,0,0,0,0,0,0,0,0,0,0,0,0,0,0,0,0,0,0,","0,0,1000,0,0,0,0,1000,0,500,500,0,0,0,0,0,0,0,0,0,0,0,0,0,0,0,0,0,0,0,0,0,0,0,0,0,0,1001,0,0,0,0,0,0,0,0,0,0,0,0,0,0,0,0,0,0,0,0,0,0,0,0,0,0,0,0,0,0,0,0,0,0,0,0,0,0,0,0,0,0,0,0,0,0,0,0,0,0,0,0,0,0,0,","0,0,1002,0,0,0,0,1002,0,488,514,0,0,0,0,0,0,0,0,0,0,0,0,0,0,0,0,0,0,0,0,0,0,0,0,0,0,1003,0,0,0,0,0,0,0,0,0,0,0,0,0,0,0,0,0,0,0,0,0,0,0,0,0,0,0,0,0,0,0,0,0,0,0,0,0,0,0,0,0,0,0,0,0,0,0,0,0,0,0,0,0,0,0,","0,0,971,0,0,0,0,971,0,486,485,0,0,0,0,0,0,0,0,0,0,0,0,0,0,0,0,0,0,0,0,0,0,0,0,0,0,968,0,0,0,0,0,0,0,0,0,0,0,0,0,0,0,0,0,0,0,0,0,0,0,0,0,0,0,0,0,0,0,0,0,0,0,0,0,0,0,0,0,0,0,0,0,0,0,0,0,0,0,0,0,0,0,","0,0,983,0,0,0,0,983,0,488,495,0,0,0,0,0,0,0,0,0,0,0,0,0,0,0,0,0,0,0,0,0,0,0,0,0,0,984,0,0,0,0,0,0,0,0,0,0,0,0,0,0,0,0,0,0,0,0,0,0,0,0,0,0,0,0,0,0,0,0,0,0,0,0,0,0,0,0,0,0,0,0,0,0,0,0,0,0,0,0,0,0,0,"
true,4,8,8,32,false,true,LOG_DVC_REDIS,false,false,ONE_PC,YCSB,0.9,0.5,10,0.5,true,1,1,True,15,1,release,0,False,,,,,,,,,,,,,,,,,,,,,,,,,,,,,,,,,,,,,,,,,,,,,,,,,,,,,,,,,,,,,,,,,,,,,,,,,,,,,,,,,,,,,,,,,,,,,,,,,,,,,,,,,,,,,,,,,,,,,,,,,,,,,,,,,,,,,,,,,,,,,,,,,,,,,,,,,,,
true,4,8,8,32,false,true,LOG_DVC_REDIS,false,false,ONE_PC,YCSB,0.99,0.5,10,0.5,true,1,1,True,15,1,release,0,False,0.0999421,80.0464,0.00501229,0,0,0,0,0,0,0,0,0,0,0,0,0,0,0,-nan,-nan,-nan,-nan,-nan,1667.18,0,3261.42,83.685,0,2588.14,0,0,0,0,0,0,0,0,0,0,0,0.041985,0,0,0.00147681,0,0.00760043,358.215,16359.4,0,366.66,12602.3,0,-nan,0,0,2666.25,3199.99,0,-nan,0,0,-nan,0,0,2280.97,19467.6,0,-nan,0,0,-nan,0,0,3,5896,3,8064,2332.5,0,492.271,0.00501229,0.00760043,0.00501229,-nan,-nan,0.00501229,0.00501229,0.00501229,0.00501229,0.00501229,0.00501229,0.00501229,0.00501229,,,,,,,1,9527,0,0,0,1,9527,0,2306,7221,0,0,0,0,0,0,0,0,0,0,0,0,0,0,0,0,0,0,0,0,0,0,0,0,18,1,9528,0,0,0,0,0,0,0,0,0,"thr,num_commits,num_aborts,num_precommits,num_waits,num_single_part_txn,num_multi_part_txn,num_aborts_restart,num_aborts_terminate,num_aborts_local,num_aborts_remote,num_affected_txn_co,num_affected_txn_pa,log_num,msg_cnt,msg_size,num_renewals,num_no_need_to_renewal,num_cache_bypass,num_cache_reads,num_cache_hits,num_cache_misses,num_cache_remove,num_cache_inserts,num_cache_updates,num_cache_evictions,num_local_hits,num_renew,num_renew_success,num_renew_failure,num_ro_read,num_ro_check,num_rw_read,num_rw_check,int_debug1,int_debug2,int_debug3,int_debug4,int_debug5,int_debug6,int_urgentwrite,int_aborts_rs1,int_aborts_rs2,int_aborts_rs3,int_aborts_ws1,int_aborts_ws2,int_saved_by_hist,run_time,average_latency,dist_txn_latency,time_process_txn,time_idle,time_write_output_queue,log_size,bytes_sent,dummy_bytes_sent,time_send_msg,time_read_queue,time_output_idle,bytes_received,time_recv_msg,time_write_queue,time_input_idle,logging_send_time,logging_commit_time,single_part_execute_phase,single_part_precommit_phase,single_part_log_latency,single_part_commit_phase,single_part_abort,multi_part_execute_phase,multi_part_precommit_phase,multi_part_prepare_phase,multi_part_commit_phase,multi_part_abort,multi_part_cleanup_phase,terminate_time_co,terminate_time_pa,log_ready_time,dependency_ready_time,CC","1,1,942,0,0,0,1,942,0,239,703,0,0,0,0,0,0,0,0,0,0,0,0,0,0,0,0,0,0,0,0,0,0,0,0,18,1,945,0,0,0,0,0,0,0,0,0,0,0.00501229,0.00501229,0,0,0,0,0,0,0,0,0,0,0,0,0,0,0,0,0,0,0,0,0.00166718,0,0.00326142,8.3685e-05,0,0.00258814,0,0,0,0,0,0,0,0,0,0,0,0.041985,0,0,0,0,0.00760043,","0,0,928,0,0,0,0,928,0,221,707,0,0,0,0,0,0,0,0,0,0,0,0,0,0,0,0,0,0,0,0,0,0,0,0,0,0,926,0,0,0,0,0,0,0,0,0,0,0,0,0,0,0,0,0,0,0,0,0,0,0,0,0,0,0,0,0,0,0,0,0,0,0,0,0,0,0,0,0,0,0,0,0,0,0,0,0,0,0,0,0,0,0,","0,0,971,0,0,0,0,971,0,232,739,0,0,0,0,0,0,0,0,0,0,0,0,0,0,0,0,0,0,0,0,0,0,0,0,0,0,972,0,0,0,0,0,0,0,0,0,0,0,0,0,0,0,0,0,0,0,0,0,0,0,0,0,0,0,0,0,0,0,0,0,0,0,0,0,0,0,0,0,0,0,0,0,0,0,0,0,0,0,0,0,0,0,","0,0,955,0,0,0,0,955,0,233,722,0,0,0,0,0,0,0,0,0,0,0,0,0,0,0,0,0,0,0,0,0,0,0,0,0,0,957,0,0,0,0,0,0,0,0,0,0,0,0,0,0,0,0,0,0,0,0,0,0,0,0,0,0,0,0,0,0,0,0,0,0,0,0,0,0,0,0,0,0,0,0,0,0,0,0,0,0,0,0,0,0,0,","0,0,931,0,0,0,0,931,0,225,706,0,0,0,0,0,0,0,0,0,0,0,0,0,0,0,0,0,0,0,0,0,0,0,0,0,0,932,0,0,0,0,0,0,0,0,0,0,0,0,0,0,0,0,0,0,0,0,0,0,0,0,0,0,0,0,0,0,0,0,0,0,0,0,0,0,0,0,0,0,0,0,0,0,0,0,0,0,0,0,0,0,0,","0,0,964,0,0,0,0,964,0,236,728,0,0,0,0,0,0,0,0,0,0,0,0,0,0,0,0,0,0,0,0,0,0,0,0,0,0,963,0,0,0,0,0,0,0,0,0,0,0,0,0,0,0,0,0,0,0,0,0,0,0,0,0,0,0,0,0,0,0,0,0,0,0,0,0,0,0,0,0,0,0,0,0,0,0,0,0,0,0,0,0,0,0,","0,0,921,0,0,0,0,921,0,221,700,0,0,0,0,0,0,0,0,0,0,0,0,0,0,0,0,0,0,0,0,0,0,0,0,0,0,918,0,0,0,0,0,0,0,0,0,0,0,0,0,0,0,0,0,0,0,0,0,0,0,0,0,0,0,0,0,0,0,0,0,0,0,0,0,0,0,0,0,0,0,0,0,0,0,0,0,0,0,0,0,0,0,","0,0,953,0,0,0,0,953,0,228,725,0,0,0,0,0,0,0,0,0,0,0,0,0,0,0,0,0,0,0,0,0,0,0,0,0,0,956,0,0,0,0,0,0,0,0,0,0,0,0,0,0,0,0,0,0,0,0,0,0,0,0,0,0,0,0,0,0,0,0,0,0,0,0,0,0,0,0,0,0,0,0,0,0,0,0,0,0,0,0,0,0,0,","0,0,988,0,0,0,0,988,0,237,751,0,0,0,0,0,0,0,0,0,0,0,0,0,0,0,0,0,0,0,0,0,0,0,0,0,0,987,0,0,0,0,0,0,0,0,0,0,0,0,0,0,0,0,0,0,0,0,0,0,0,0,0,0,0,0,0,0,0,0,0,0,0,0,0,0,0,0,0,0,0,0,0,0,0,0,0,0,0,0,0,0,0,"
true,4,8,8,32,false,true,LOG_DVC_REDIS,false,false,ONE_PC,YCSB,0,0.5,10,0.5,true,1,1,True,15,2,release,0,False,76.0698,80.0318,4.74561,0,0,0,0,0,0,0,0,0,0,0,0,0,0,0,-nan,-nan,-nan,-nan,-nan,1559.77,0,4553.93,122.317,0,2546.59,0,0,0,0,0,0,0,0,0,0,0,5.44462,0,0,0.00184316,0,6.68367,464.487,77547,0,931.183,3026.62,0,307.566,4833.09,0,3407.34,20265.6,0,3244.62,17911.6,0,-nan,0,0,2290.44,18336.4,0,-nan,0,0,-nan,0,0,2.84494,5798.94,2.84494,9104.69,2527.68,0,614.387,0.00623602,0.00878274,0.00623602,-nan,-nan,0.0106184,0.0126032,0.019663,0.0221746,0.0106184,0.0126032,0.019663,0.0221746,,,,,,,761,8445,0,0,0,761,8445,0,58,8387,0,0,0,0,0,0,0,0,0,0,0,0,0,0,0,0,0,0,0,0,0,0,0,0,2154,761,9206,0,0,0,0,0,0,0,0,0,"thr,num_commits,num_aborts,num_precommits,num_waits,num_single_part_txn,num_multi_part_txn,num_aborts_restart,num_aborts_terminate,num_aborts_local,num_aborts_remote,num_affected_txn_co,num_affected_txn_pa,log_num,msg_cnt,msg_size,num_renewals,num_no_need_to_renewal,num_cache_bypass,num_cache_reads,num_cache_hits,num_cache_misses,num_cache_remove,num_cache_inserts,num_cache_updates,num_cache_evictions,num_local_hits,num_renew,num_renew_success,num_renew_failure,num_ro_read,num_ro_check,num_rw_read,num_rw_check,int_debug1,int_debug2,int_debug3,int_debug4,int_debug5,int_debug6,int_urgentwrite,int_aborts_rs1,int_aborts_rs2,int_aborts_rs3,int_aborts_ws1,int_aborts_ws2,int_saved_by_hist,run_time,average_latency,dist_txn_latency,time_process_txn,time_idle,time_write_output_queue,log_size,bytes_sent,dummy_bytes_sent,time_send_msg,time_read_queue,time_output_idle,bytes_received,time_recv_msg,time_write_queue,time_input_idle,logging_send_time,logging_commit_time,single_part_execute_phase,single_part_precommit_phase,single_part_log_latency,single_part_commit_phase,single_part_abort,multi_part_execute_phase,multi_part_precommit_phase,multi_part_prepare_phase,multi_part_commit_phase,multi_part_abort,multi_part_cleanup_phase,terminate_time_co,terminate_time_pa,log_ready_time,dependency_ready_time,CC","761,761,123,0,0,0,761,123,0,58,65,0,0,0,0,0,0,0,0,0,0,0,0,0,0,0,0,0,0,0,0,0,0,0,0,2154,761,885,0,0,0,0,0,0,0,0,0,0,4.74561,4.74561,0,0,0,0,0,0,0,0,0,0,0,0,0,0,0,0,0,0,0,0,1.18698,0,3.46554,0.0930836,0,1.93796,0,0,0,0,0,0,0,0,0,0,0,5.44462,0,0,0,0,6.68367,","0,0,911,0,0,0,0,911,0,0,911,0,0,0,0,0,0,0,0,0,0,0,0,0,0,0,0,0,0,0,0,0,0,0,0,0,0,913,0,0,0,0,0,0,0,0,0,0,0,0,0,0,0,0,0,0,0,0,0,0,0,0,0,0,0,0,0,0,0,0,0,0,0,0,0,0,0,0,0,0,0,0,0,0,0,0,0,0,0,0,0,0,0,","0,0,936,0,0,0,0,936,0,0,936,0,0,0,0,0,0,0,0,0,0,0,0,0,0,0,0,0,0,0,0,0,0,0,0,0,0,935,0,0,0,0,0,0,0,0,0,0,0,0,0,0,0,0,0,0,0,0,0,0,0,0,0,0,0,0,0,0,0,0,0,0,0,0,0,0,0,0,0,0,0,0,0,0,0,0,0,0,0,0,0,0,0,","0,0,942,0,0,0,0,942,0,0,942,0,0,0,0,0,0,0,0,0,0,0,0,0,0,0,0,0,0,0,0,0,0,0,0,0,0,941,0,0,0,0,0,0,0,0,0,0,0,0,0,0,0,0,0,0,0,0,0,0,0,0,0,0,0,0,0,0,0,0,0,0,0,0,0,0,0,0,0,0,0,0,0,0,0,0,0,0,0,0,0,0,0,","0,0,919,0,0,0,0,919,0,0,919,0,0,0,0,0,0,0,0,0,0,0,0,0,0,0,0,0,0,0,0,0,0,0,0,0,0,923,0,0,0,0,0,0,0,0,0,0,0,0,0,0,0,0,0,0,0,0,0,0,0,0,0,0,0,0,0,0,0,0,0,0,0,0,0,0,0,0,0,0,0,0,0,0,0,0,0,0,0,0,0,0,0,","0,0,948,0,0,0,0,948,0,0,948,0,0,0,0,0,0,0,0,0,0,0,0,0,0,0,0,0,0,0,0,0,0,0,0,0,0,944,0,0,0,0,0,0,0,0,0,0,0,0,0,0,0,0,0,0,0,0,0,0,0,0,0,0,0,0,0,0,0,0,0,0,0,0,0,0,0,0,0,0,0,0,0,0,0,0,0,0,0,0,0,0,0,","0,0,897,0,0,0,0,897,0,0,897,0,0,0,0,0,0,0,0,0,0,0,0,0,0,0,0,0,0,0,0,0,0,0,0,0,0,900,0,0,0,0,0,0,0,0,0,0,0,0,0,0,0,0,0,0,0,0,0,0,0,0,0,0,0,0,0,0,0,0,0,0,0,0,0,0,0,0,0,0,0,0,0,0,0,0,0,0,0,0,0,0,0,","0,0,914,0,0,0,0,914,0,0,914,0,0,0,0,0,0,0,0,0,0,0,0,0,0,0,0,0,0,0,0,0,0,0,0,0,0,912,0,0,0,0,0,0,0,0,0,0,0,0,0,0,0,0,0,0,0,0,0,0,0,0,0,0,0,0,0,0,0,0,0,0,0,0,0,0,0,0,0,0,0,0,0,0,0,0,0,0,0,0,0,0,0,","0,0,929,0,0,0,0,929,0,0,929,0,0,0,0,0,0,0,0,0,0,0,0,0,0,0,0,0,0,0,0,0,0,0,0,0,0,929,0,0,0,0,0,0,0,0,0,0,0,0,0,0,0,0,0,0,0,0,0,0,0,0,0,0,0,0,0,0,0,0,0,0,0,0,0,0,0,0,0,0,0,0,0,0,0,0,0,0,0,0,0,0,0,"
true,4,8,8,32,false,true,LOG_DVC_REDIS,false,false,ONE_PC,YCSB,0.5,0.5,10,0.5,true,1,1,True,15,2,release,0,False,57.8595,80.0561,3.26771,0,0,0,0,0,0,0,0,0,0,0,0,0,0,0,-nan,-nan,-nan,-nan,-nan,1451.69,0,4082.59,109.43,0,2465.57,0.00254068,0,0,0,0,0,0,0,0,0,0,4.0244,0,0,0.00143914,0,4.69531,482.725,66586.9,0,444.618,11367.1,0,321.448,5925.33,0,3101.09,18245.6,0,3244.06,15561.1,0,-nan,0,0,2343.1,18061,0,-nan,0,0,-nan,0,0,2.84974,5792.72,2.84801,9074.04,2458.4,0,479.714,0.00564372,0.00810935,0.00564372,0.00254068,-nan,0.00857295,0.0104454,0.0168664,0.0192995,0.00857295,0.0104454,0.0168664,0.0192995,0.00254068,0.00254068,0.00254068,0.00254068,0.00254068,0.00254068,579,8650,0,0,0,579,8650,0,223,8427,1,0,0,0,0,0,0,0,0,0,0,0,0,0,0,0,0,0,0,0,0,0,0,0,1637,579,9229,0,0,0,0,0,0,0,0,0,"thr,num_commits,num_aborts,num_precommits,num_waits,num_single_part_txn,num_multi_part_txn,num_aborts_restart,num_aborts_terminate,num_aborts_local,num_aborts_remote,num_affected_txn_co,num_affected_txn_pa,log_num,msg_cnt,msg_size,num_renewals,num_no_need_to_renewal,num_cache_bypass,num_cache_reads,num_cache_hits,num_cache_misses,num_cache_remove,num_cache_inserts,num_cache_updates,num_cache_evictions,num_local_hits,num_renew,num_renew_success,num_renew_failure,num_ro_read,num_ro_check,num_rw_read,num_rw_check,int_debug1,int_debug2,int_debug3,int_debug4,int_debug5,int_debug6,int_urgentwrite,int_aborts_rs1,int_aborts_rs2,int_aborts_rs3,int_aborts_ws1,int_aborts_ws2,int_saved_by_hist,run_time,average_latency,dist_txn_latency,time_process_txn,time_idle,time_write_output_queue,log_size,bytes_sent,dummy_bytes_sent,time_send_msg,time_read_queue,time_output_idle,bytes_received,time_recv_msg,time_write_queue,time_input_idle,logging_send_time,logging_commit_time,single_part_execute_phase,single_part_precommit_phase,single_part_log_latency,single_part_commit_phase,single_part_abort,multi_part_execute_phase,multi_part_precommit_phase,multi_part_prepare_phase,multi_part_commit_phase,multi_part_abort,multi_part_cleanup_phase,terminate_time_co,terminate_time_pa,log_ready_time,dependency_ready_time,CC","579,579,332,0,0,0,579,332,0,223,109,1,0,0,0,0,0,0,0,0,0,0,0,0,0,0,0,0,0,0,0,0,0,0,0,1637,579,912,0,0,0,0,0,0,0,0,0,0,3.26771,3.26771,0,0,0,0,0,0,0,0,0,0,0,0,0,0,0,0,0,0,0,0,0.840531,0,2.36382,0.0633601,0,1.42756,0.00254068,0,0,0,0,0,0,0,0,0,0,4.0244,0,0,0,0,4.69531,","0,0,925,0,0,0,0,925,0,0,925,0,0,0,0,0,0,0,0,0,0,0,0,0,0,0,0,0,0,0,0,0,0,0,0,0,0,925,0,0,0,0,0,0,0,0,0,0,0,0,0,0,0,0,0,0,0,0,0,0,0,0,0,0,0,0,0,0,0,0,0,0,0,0,0,0,0,0,0,0,0,0,0,0,0,0,0,0,0,0,0,0,0,","0,0,923,0,0,0,0,923,0,0,923,0,0,0,0,0,0,0,0,0,0,0,0,0,0,0,0,0,0,0,0,0,0,0,0,0,0,924,0,0,0,0,0,0,0,0,0,0,0,0,0,0,0,0,0,0,0,0,0,0,0,0,0,0,0,0,0,0,0,0,0,0,0,0,0,0,0,0,0,0,0,0,0,0,0,0,0,0,0,0,0,0,0,","0,0,935,0,0,0,0,935,0,0,935,0,0,0,0,0,0,0,0,0,0,0,0,0,0,0,0,0,0,0,0,0,0,0,0,0,0,937,0,0,0,0,0,0,0,0,0,0,0,0,0,0,0,0,0,0,0,0,0,0,0,0,0,0,0,0,0,0,0,0,0,0,0,0,0,0,0,0,0,0,0,0,0,0,0,0,0,0,0,0,0,0,0,","0,0,925,0,0,0,0,925,0,0,925,0,0,0,0,0,0,0,0,0,0,0,0,0,0,0,0,0,0,0,0,0,0,0,0,0,0,923,0,0,0,0,0,0,0,0,0,0,0,0,0,0,0,0,0,0,0,0,0,0,0,0,0,0,0,0,0,0,0,0,0,0,0,0,0,0,0,0,0,0,0,0,0,0,0,0,0,0,0,0,0,0,0,","0,0,922,0,0,0,0,922,0,0,922,0,0,0,0,0,0,0,0,0,0,0,0,0,0,0,0,0,0,0,0,0,0,0,0,0,0,923,0,0,0,0,0,0,0,0,0,0,0,0,0,0,0,0,0,0,0,0,0,0,0,0,0,0,0,0,0,0,0,0,0,0,0,0,0,0,0,0,0,0,0,0,0,0,0,0,0,0,0,0,0,0,0,","0,0,900,0,0,0,0,900,0,0,900,0,0,0,0,0,0,0,0,0,0,0,0,0,0,0,0,0,0,0,0,0,0,0,0,0,0,899,0,0,0,0,0,0,0,0,0,0,0,0,0,0,0,0,0,0,0,0,0,0,0,0,0,0,0,0,0,0,0,0,0,0,0,0,0,0,0,0,0,0,0,0,0,0,0,0,0,0,0,0,0,0,0,","0,0,903,0,0,0,0,903,0,0,903,0,0,0,0,0,0,0,0,0,0,0,0,0,0,0,0,0,0,0,0,0,0,0,0,0,0,905,0,0,0,0,0,0,0,0,0,0,0,0,0,0,0,0,0,0,0,0,0,0,0,0,0,0,0,0,0,0,0,0,0,0,0,0,0,0,0,0,0,0,0,0,0,0,0,0,0,0,0,0,0,0,0,","0,0,928,0,0,0,0,928,0,0,928,0,0,0,0,0,0,0,0,0,0,0,0,0,0,0,0,0,0,0,0,0,0,0,0,0,0,926,0,0,0,0,0,0,0,0,0,0,0,0,0,0,0,0,0,0,0,0,0,0,0,0,0,0,0,0,0,0,0,0,0,0,0,0,0,0,0,0,0,0,0,0,0,0,0,0,0,0,0,0,0,0,0,"
true,4,8,8,32,false,true,LOG_DVC_REDIS,false,false,ONE_PC,YCSB,0.7,0.5,10,0.5,true,1,1,True,15,2,release,0,False,5.99753,80.0329,0.283463,0,0,0,0,0,0,0,0,0,0,0,0,0,0,0,-nan,-nan,-nan,-nan,-nan,1184.62,0,3270.23,90.2746,179.267,1724.35,0,0,0,0,0,0,0,0,0,0,0,0.434001,0,0,0.00149444,0,0.386933,392.655,92395.2,0,441.182,61466.1,0,-nan,0,0,2788.87,5096.7,0,2666.6,4407.1,0,-nan,0,0,2280.49,130424,0,-nan,0,0,-nan,0,0,2.78333,6130,2.78333,9247.47,1937.5,0,498.147,0.00472439,0.00644888,0.00472439,-nan,-nan,0.0058328,0.00620035,0.0159975,0.0159975,0.0058328,0.00620035,0.0159975,0.0159975,,,,,,,60,9514,0,0,0,60,9514,0,4715,4799,0,0,0,0,0,0,0,0,0,0,0,0,0,0,0,0,0,0,0,0,0,0,0,0,224,60,9574,0,0,0,0,0,0,0,0,0,"thr,num_commits,num_aborts,num_precommits,num_waits,num_single_part_txn,num_multi_part_txn,num_aborts_restart,num_aborts_terminate,num_aborts_local,num_aborts_remote,num_affected_txn_co,num_affected_txn_pa,log_num,msg_cnt,msg_size,num_renewals,num_no_need_to_renewal,num_cache_bypass,num_cache_reads,num_cache_hits,num_cache_misses,num_cache_remove,num_cache_inserts,num_cache_updates,num_cache_evictions,num_local_hits,num_renew,num_renew_success,num_renew_failure,num_ro_read,num_ro_check,num_rw_read,num_rw_check,int_debug1,int_debug2,int_debug3,int_debug4,int_debug5,int_debug6,int_urgentwrite,int_aborts_rs1,int_aborts_rs2,int_aborts_rs3,int_aborts_ws1,int_aborts_ws2,int_saved_by_hist,run_time,average_latency,dist_txn_latency,time_process_txn,time_idle,time_write_output_queue,log_size,bytes_sent,dummy_bytes_sent,time_send_msg,time_read_queue,time_output_idle,bytes_received,time_recv_msg,time_write_queue,time_input_idle,logging_send_time,logging_commit_time,single_part_execute_phase,single_part_precommit_phase,single_part_log_latency,single_part_commit_phase,single_part_abort,multi_part_execute_phase,multi_part_precommit_phase,multi_part_prepare_phase,multi_part_commit_phase,multi_part_abort,multi_part_cleanup_phase,terminate_time_co,terminate_time_pa,log_ready_time,dependency_ready_time,CC","60,60,915,0,0,0,60,915,0,452,463,0,0,0,0,0,0,0,0,0,0,0,0,0,0,0,0,0,0,0,0,0,0,0,0,224,60,976,0,0,0,0,0,0,0,0,0,0,0.283463,0.283463,0,0,0,0,0,0,0,0,0,0,0,0,0,0,0,0,0,0,0,0,0.0710773,0,0.196214,0.00541648,0.010756,0.103461,0,0,0,0,0,0,0,0,0,0,0,0.434001,0,0,0,0,0.386933,","0,0,986,0,0,0,0,986,0,492,494,0,0,0,0,0,0,0,0,0,0,0,0,0,0,0,0,0,0,0,0,0,0,0,0,0,0,986,0,0,0,0,0,0,0,0,0,0,0,0,0,0,0,0,0,0,0,0,0,0,0,0,0,0,0,0,0,0,0,0,0,0,0,0,0,0,0,0,0,0,0,0,0,0,0,0,0,0,0,0,0,0,0,","0,0,970,0,0,0,0,970,0,483,487,0,0,0,0,0,0,0,0,0,0,0,0,0,0,0,0,0,0,0,0,0,0,0,0,0,0,970,0,0,0,0,0,0,0,0,0,0,0,0,0,0,0,0,0,0,0,0,0,0,0,0,0,0,0,0,0,0,0,0,0,0,0,0,0,0,0,0,0,0,0,0,0,0,0,0,0,0,0,0,0,0,0,","0,0,818,0,0,0,0,818,0,395,423,0,0,0,0,0,0,0,0,0,0,0,0,0,0,0,0,0,0,0,0,0,0,0,0,0,0,820,0,0,0,0,0,0,0,0,0,0,0,0,0,0,0,0,0,0,0,0,0,0,0,0,0,0,0,0,0,0,0,0,0,0,0,0,0,0,0,0,0,0,0,0,0,0,0,0,0,0,0,0,0,0,0,","0,0,948,0,0,0,0,948,0,469,479,0,0,0,0,0,0,0,0,0,0,0,0,0,0,0,0,0,0,0,0,0,0,0,0,0,0,946,0,0,0,0,0,0,0,0,0,0,0,0,0,0,0,0,0,0,0,0,0,0,0,0,0,0,0,0,0,0,0,0,0,0,0,0,0,0,0,0,0,0,0,0,0,0,0,0,0,0,0,0,0,0,0,","0,0,982,0,0,0,0,982,0,490,492,0,0,0,0,0,0,0,0,0,0,0,0,0,0,0,0,0,0,0,0,0,0,0,0,0,0,982,0,0,0,0,0,0,0,0,0,0,0,0,0,0,0,0,0,0,0,0,0,0,0,0,0,0,0,0,0,0,0,0,0,0,0,0,0,0,0,0,0,0,0,0,0,0,0,0,0,0,0,0,0,0,0,","0,0,956,0,0,0,0,956,0,475,481,0,0,0,0,0,0,0,0,0,0,0,0,0,0,0,0,0,0,0,0,0,0,0,0,0,0,956,0,0,0,0,0,0,0,0,0,0,0,0,0,0,0,0,0,0,0,0,0,0,0,0,0,0,0,0,0,0,0,0,0,0,0,0,0,0,0,0,0,0,0,0,0,0,0,0,0,0,0,0,0,0,0,","0,0,976,0,0,0,0,976,0,488,488,0,0,0,0,0,0,0,0,0,0,0,0,0,0,0,0,0,0,0,0,0,0,0,0,0,0,976,0,0,0,0,0,0,0,0,0,0,0,0,0,0,0,0,0,0,0,0,0,0,0,0,0,0,0,0,0,0,0,0,0,0,0,0,0,0,0,0,0,0,0,0,0,0,0,0,0,0,0,0,0,0,0,","0,0,993,0,0,0,0,993,0,490,503,0,0,0,0,0,0,0,0,0,0,0,0,0,0,0,0,0,0,0,0,0,0,0,0,0,0,994,0,0,0,0,0,0,0,0,0,0,0,0,0,0,0,0,0,0,0,0,0,0,0,0,0,0,0,0,0,0,0,0,0,0,0,0,0,0,0,0,0,0,0,0,0,0,0,0,0,0,0,0,0,0,0,"
true,4,8,8,32,false,true,LOG_DVC_REDIS,false,false,ONE_PC,YCSB,0.9,0.5,10,0.5,true,1,1,True,15,2,release,0,False,2.09892,80.0412,0.128089,0,0,0,0,0,0,0,0,0,0,0,0,0,0,0,-nan,-nan,-nan,-nan,-nan,1052.73,0,3321.43,163.842,1561.49,2426.56,0,0,0,0,0,0,0,0,0,0,0,0.0283217,0,0,0.000745887,0,0.17905,401.59,68984.4,0,374.291,56958,0,-nan,0,0,2668.11,6330.85,0,2906.83,3930.97,0,-nan,0,0,2365.21,118981,0,-nan,0,0,-nan,0,0,2.85714,6281.14,2.85714,9689.9,2360.14,0,248.629,0.0060995,0.00852619,0.0060995,-nan,-nan,0.0141893,0.0156271,0.0190648,0.0190648,0.0141893,0.0156271,0.0190648,0.0190648,,,,,,,21,9277,0,0,0,21,9277,0,4655,4622,0,0,0,0,0,0,0,0,0,0,0,0,0,0,0,0,0,0,0,0,0,0,0,0,12,21,9298,0,0,0,0,0,0,0,0,0,"thr,num_commits,num_aborts,num_precommits,num_waits,num_single_part_txn,num_multi_part_txn,num_aborts_restart,num_aborts_terminate,num_aborts_local,num_aborts_remote,num_affected_txn_co,num_affected_txn_pa,log_num,msg_cnt,msg_size,num_renewals,num_no_need_to_renewal,num_cache_bypass,num_cache_reads,num_cache_hits,num_cache_misses,num_cache_remove,num_cache_inserts,num_cache_updates,num_cache_evictions,num_local_hits,num_renew,num_renew_success,num_renew_failure,num_ro_read,num_ro_check,num_rw_read,num_rw_check,int_debug1,int_debug2,int_debug3,int_debug4,int_debug5,int_debug6,int_urgentwrite,int_aborts_rs1,int_aborts_rs2,int_aborts_rs3,int_aborts_ws1,int_aborts_ws2,int_saved_by_hist,run_time,average_latency,dist_txn_latency,time_process_txn,time_idle,time_write_output_queue,log_size,bytes_sent,dummy_bytes_sent,time_send_msg,time_read_queue,time_output_idle,bytes_received,time_recv_msg,time_write_queue,time_input_idle,logging_send_time,logging_commit_time,single_part_execute_phase,single_part_precommit_phase,single_part_log_latency,single_part_commit_phase,single_part_abort,multi_part_execute_phase,multi_part_precommit_phase,multi_part_prepare_phase,multi_part_commit_phase,multi_part_abort,multi_part_cleanup_phase,terminate_time_co,terminate_time_pa,log_ready_time,dependency_ready_time,CC","21,21,930,0,0,0,21,930,0,477,453,0,0,0,0,0,0,0,0,0,0,0,0,0,0,0,0,0,0,0,0,0,0,0,0,12,21,952,0,0,0,0,0,0,0,0,0,0,0.128089,0.128089,0,0,0,0,0,0,0,0,0,0,0,0,0,0,0,0,0,0,0,0,0.0221074,0,0.0697501,0.00344067,0.0327913,0.0509578,0,0,0,0,0,0,0,0,0,0,0,0.0283217,0,0,0,0,0.17905,","0,0,928,0,0,0,0,928,0,471,457,0,0,0,0,0,0,0,0,0,0,0,0,0,0,0,0,0,0,0,0,0,0,0,0,0,0,931,0,0,0,0,0,0,0,0,0,0,0,0,0,0,0,0,0,0,0,0,0,0,0,0,0,0,0,0,0,0,0,0,0,0,0,0,0,0,0,0,0,0,0,0,0,0,0,0,0,0,0,0,0,0,0,","0,0,938,0,0,0,0,938,0,475,463,0,0,0,0,0,0,0,0,0,0,0,0,0,0,0,0,0,0,0,0,0,0,0,0,0,0,939,0,0,0,0,0,0,0,0,0,0,0,0,0,0,0,0,0,0,0,0,0,0,0,0,0,0,0,0,0,0,0,0,0,0,0,0,0,0,0,0,0,0,0,0,0,0,0,0,0,0,0,0,0,0,0,","0,0,980,0,0,0,0,980,0,487,493,0,0,0,0,0,0,0,0,0,0,0,0,0,0,0,0,0,0,0,0,0,0,0,0,0,0,976,0,0,0,0,0,0,0,0,0,0,0,0,0,0,0,0,0,0,0,0,0,0,0,0,0,0,0,0,0,0,0,0,0,0,0,0,0,0,0,0,0,0,0,0,0,0,0,0,0,0,0,0,0,0,0,","0,0,924,0,0,0,0,924,0,461,463,0,0,0,0,0,0,0,0,0,0,0,0,0,0,0,0,0,0,0,0,0,0,0,0,0,0,925,0,0,0,0,0,0,0,0,0,0,0,0,0,0,0,0,0,0,0,0,0,0,0,0,0,0,0,0,0,0,0,0,0,0,0,0,0,0,0,0,0,0,0,0,0,0,0,0,0,0,0,0,0,0,0,","0,0,925,0,0,0,0,925,0,462,463,0,0,0,0,0,0,0,0,0,0,0,0,0,0,0,0,0,0,0,0,0,0,0,0,0,0,927,0,0,0,0,0,0,0,0,0,0,0,0,0,0,0,0,0,0,0,0,0,0,0,0,0,0,0,0,0,0,0,0,0,0,0,0,0,0,0,0,0,0,0,0,0,0,0,0,0,0,0,0,0,0,0,","0,0,956,0,0,0,0,956,0,471,485,0,0,0,0,0,0,0,0,0,0,0,0,0,0,0,0,0,0,0,0,0,0,0,0,0,0,954,0,0,0,0,0,0,0,0,0,0,0,0,0,0,0,0,0,0,0,0,0,0,0,0,0,0,0,0,0,0,0,0,0,0,0,0,0,0,0,0,0,0,0,0,0,0,0,0,0,0,0,0,0,0,0,","0,0,830,0,0,0,0,830,0,423,407,0,0,0,0,0,0,0,0,0,0,0,0,0,0,0,0,0,0,0,0,0,0,0,0,0,0,830,0,0,0,0,0,0,0,0,0,0,0,0,0,0,0,0,0,0,0,0,0,0,0,0,0,0,0,0,0,0,0,0,0,0,0,0,0,0,0,0,0,0,0,0,0,0,0,0,0,0,0,0,0,0,0,","0,0,914,0,0,0,0,914,0,453,461,0,0,0,0,0,0,0,0,0,0,0,0,0,0,0,0,0,0,0,0,0,0,0,0,0,0,913,0,0,0,0,0,0,0,0,0,0,0,0,0,0,0,0,0,0,0,0,0,0,0,0,0,0,0,0,0,0,0,0,0,0,0,0,0,0,0,0,0,0,0,0,0,0,0,0,0,0,0,0,0,0,0,"
true,4,8,8,32,false,true,LOG_DVC_REDIS,false,false,ONE_PC,YCSB,0.99,0.5,10,0.5,true,1,1,True,15,2,release,0,False,0.0999402,80.0479,0.00986121,0,0,0,0,0,0,0,0,0,0,0,0,0,0,0,-nan,-nan,-nan,-nan,-nan,425.957,0,2370.85,59.817,7004.58,1222.44,0,0,0,0,0,0,0,0,0,0,0,0.0284344,0,0,0.00133863,0,0.0110837,348.128,9722.4,0,354.715,11907.1,0,-nan,0,0,2162.26,2284.91,0,-nan,0,0,-nan,0,0,2127.47,20099.7,0,-nan,0,0,-nan,0,0,3,5896,3,8064,2187.26,0,446.212,0.00986121,0.0110837,0.00986121,-nan,-nan,0.00986121,0.00986121,0.00986121,0.00986121,0.00986121,0.00986121,0.00986121,0.00986121,,,,,,,1,10016,0,0,0,1,10016,0,1240,8776,0,0,0,0,0,0,0,0,0,0,0,0,0,0,0,0,0,0,0,0,0,0,0,0,13,1,10017,0,0,0,0,0,0,0,0,0,"thr,num_commits,num_aborts,num_precommits,num_waits,num_single_part_txn,num_multi_part_txn,num_aborts_restart,num_aborts_terminate,num_aborts_local,num_aborts_remote,num_affected_txn_co,num_affected_txn_pa,log_num,msg_cnt,msg_size,num_renewals,num_no_need_to_renewal,num_cache_bypass,num_cache_reads,num_cache_hits,num_cache_misses,num_cache_remove,num_cache_inserts,num_cache_updates,num_cache_evictions,num_local_hits,num_renew,num_renew_success,num_renew_failure,num_ro_read,num_ro_check,num_rw_read,num_rw_check,int_debug1,int_debug2,int_debug3,int_debug4,int_debug5,int_debug6,int_urgentwrite,int_aborts_rs1,int_aborts_rs2,int_aborts_rs3,int_aborts_ws1,int_aborts_ws2,int_saved_by_hist,run_time,average_latency,dist_txn_latency,time_process_txn,time_idle,time_write_output_queue,log_size,bytes_sent,dummy_bytes_sent,time_send_msg,time_read_queue,time_output_idle,bytes_received,time_recv_msg,time_write_queue,time_input_idle,logging_send_time,logging_commit_time,single_part_execute_phase,single_part_precommit_phase,single_part_log_latency,single_part_commit_phase,single_part_abort,multi_part_execute_phase,multi_part_precommit_phase,multi_part_prepare_phase,multi_part_commit_phase,multi_part_abort,multi_part_cleanup_phase,terminate_time_co,terminate_time_pa,log_ready_time,dependency_ready_time,CC","1,1,1010,0,0,0,1,1010,0,129,881,0,0,0,0,0,0,0,0,0,0,0,0,0,0,0,0,0,0,0,0,0,0,0,0,13,1,1012,0,0,0,0,0,0,0,0,0,0,0.00986121,0.00986121,0,0,0,0,0,0,0,0,0,0,0,0,0,0,0,0,0,0,0,0,0.000425957,0,0.00237085,5.9817e-05,0.00700458,0.00122244,0,0,0,0,0,0,0,0,0,0,0,0.0284344,0,0,0,0,0.0110837,","0,0,1006,0,0,0,0,1006,0,121,885,0,0,0,0,0,0,0,0,0,0,0,0,0,0,0,0,0,0,0,0,0,0,0,0,0,0,1006,0,0,0,0,0,0,0,0,0,0,0,0,0,0,0,0,0,0,0,0,0,0,0,0,0,0,0,0,0,0,0,0,0,0,0,0,0,0,0,0,0,0,0,0,0,0,0,0,0,0,0,0,0,0,0,","0,0,1028,0,0,0,0,1028,0,128,900,0,0,0,0,0,0,0,0,0,0,0,0,0,0,0,0,0,0,0,0,0,0,0,0,0,0,1029,0,0,0,0,0,0,0,0,0,0,0,0,0,0,0,0,0,0,0,0,0,0,0,0,0,0,0,0,0,0,0,0,0,0,0,0,0,0,0,0,0,0,0,0,0,0,0,0,0,0,0,0,0,0,0,","0,0,1019,0,0,0,0,1019,0,124,895,0,0,0,0,0,0,0,0,0,0,0,0,0,0,0,0,0,0,0,0,0,0,0,0,0,0,1019,0,0,0,0,0,0,0,0,0,0,0,0,0,0,0,0,0,0,0,0,0,0,0,0,0,0,0,0,0,0,0,0,0,0,0,0,0,0,0,0,0,0,0,0,0,0,0,0,0,0,0,0,0,0,0,","0,0,953,0,0,0,0,953,0,119,834,0,0,0,0,0,0,0,0,0,0,0,0,0,0,0,0,0,0,0,0,0,0,0,0,0,0,954,0,0,0,0,0,0,0,0,0,0,0,0,0,0,0,0,0,0,0,0,0,0,0,0,0,0,0,0,0,0,0,0,0,0,0,0,0,0,0,0,0,0,0,0,0,0,0,0,0,0,0,0,0,0,0,","0,0,1004,0,0,0,0,1004,0,119,885,0,0,0,0,0,0,0,0,0,0,0,0,0,0,0,0,0,0,0,0,0,0,0,0,0,0,1005,0,0,0,0,0,0,0,0,0,0,0,0,0,0,0,0,0,0,0,0,0,0,0,0,0,0,0,0,0,0,0,0,0,0,0,0,0,0,0,0,0,0,0,0,0,0,0,0,0,0,0,0,0,0,0,","0,0,1035,0,0,0,0,1035,0,130,905,0,0,0,0,0,0,0,0,0,0,0,0,0,0,0,0,0,0,0,0,0,0,0,0,0,0,1036,0,0,0,0,0,0,0,0,0,0,0,0,0,0,0,0,0,0,0,0,0,0,0,0,0,0,0,0,0,0,0,0,0,0,0,0,0,0,0,0,0,0,0,0,0,0,0,0,0,0,0,0,0,0,0,","0,0,982,0,0,0,0,982,0,124,858,0,0,0,0,0,0,0,0,0,0,0,0,0,0,0,0,0,0,0,0,0,0,0,0,0,0,979,0,0,0,0,0,0,0,0,0,0,0,0,0,0,0,0,0,0,0,0,0,0,0,0,0,0,0,0,0,0,0,0,0,0,0,0,0,0,0,0,0,0,0,0,0,0,0,0,0,0,0,0,0,0,0,","0,0,997,0,0,0,0,997,0,118,879,0,0,0,0,0,0,0,0,0,0,0,0,0,0,0,0,0,0,0,0,0,0,0,0,0,0,996,0,0,0,0,0,0,0,0,0,0,0,0,0,0,0,0,0,0,0,0,0,0,0,0,0,0,0,0,0,0,0,0,0,0,0,0,0,0,0,0,0,0,0,0,0,0,0,0,0,0,0,0,0,0,0,"
