DISTRIBUTED,NUM_NODES,NUM_WORKER_THREADS,NUM_RPC_SERVER_THREADS,MAX_NUM_ACTIVE_TXNS,LOG_LOCAL,LOG_REMOTE,LOG_DEVICE,CONTROLLED_LOCK_VIOLATION,ENABLE_ADMISSION_CONTROL,COMMIT_ALG,WORKLOAD,ZIPF_THETA,READ_PERC,RUN_TIME,PERC_REMOTE,FAILURE_ENABLE,FAILURE_TIMEPOINT,i,MODE,NODE_ID,LOG_NODE,Throughput,run_time,dist_txn_latency,time_process_txn,time_idle,time_write_output_queue,log_size,bytes_sent,dummy_bytes_sent,time_send_msg,time_read_queue,time_output_idle,bytes_received,time_recv_msg,time_write_queue,time_input_idle,logging_send_time,logging_commit_time,single_part_execute_phase (in us),single_part_precommit_phase (in us),single_part_log_latency (in us),single_part_commit_phase (in us),single_part_abort (in us),multi_part_execute_phase (in us),multi_part_precommit_phase (in us),multi_part_prepare_phase (in us),multi_part_commit_phase (in us),multi_part_abort (in us),multi_part_cleanup_phase (in us),terminate_time_co,terminate_time_pa,log_ready_time,dependency_ready_time,CC (row),CC (index),logic,wait,network,cache,time_debug1,time_debug2,time_debug3,time_debug4,time_debug5,time_debug6,time_debug7,average_prepare_req_cnt,average_prepare_req_size,average_prepare_resp_cnt,average_prepare_resp_size,average_log_vote_pa,average_log_commit_co,average_node_communicate,average_dist_latency,average_dist_total_time,average_latency,average_term_latency_co,average_term_latency_pa,90%_latency,95%_latency,99%_latency,max_latency,90%_dist_latency,95%_dist_latency,99%_dist_latency,max_dist_latency,num_commits,num_aborts,num_precommits,num_waits,num_single_part_txn,num_multi_part_txn,num_aborts_restart,num_aborts_terminate,num_aborts_local,num_aborts_remote,num_affected_txn_co,num_affected_txn_pa,log_num,msg_cnt,msg_size,num_renewals,num_no_need_to_renewal,num_cache_bypass,num_cache_reads,num_cache_hits,num_cache_misses,num_cache_remove,num_cache_inserts,num_cache_updates,num_cache_evictions,num_local_hits,num_renew,num_renew_success,num_renew_failure,num_ro_read,num_ro_check,num_rw_read,num_rw_check,int_debug1,int_debug2,int_debug3,int_debug4,int_debug5,int_debug6,int_urgentwrite,int_aborts_rs1,int_aborts_rs2,int_aborts_rs3,int_aborts_ws1,int_aborts_ws2,int_saved_by_hist,Metrics,CP0,CP1,CP2,CP3,CP4,CP5,CP6,CP7,CP8,CP9,CP10,CP11,CP12,CP13
True,2,16,16,32,False,True,LOG_DVC_REDIS,False,False,ONE_PC,YCSB,0.0,0.5,15,0.5,True,10,0,release,0,False,,,,,,,,,,,,,,,,,,,,,,,,,,,,,,,,,,,,,,,,,,,,,,,,,,,,,,,,,,,,,,,,,,,,,,,,,,,,,,,,,,,,,,,,,,,,,,,,,,,,,,,,,,,,,,,,,,,,,,,,,,,,,,,
True,2,16,16,32,False,True,LOG_DVC_REDIS,False,False,ONE_PC,YCSB,0.5,0.5,15,0.5,True,10,0,release,0,False,,,,,,,,,,,,,,,,,,,,,,,,,,,,,,,,,,,,,,,,,,,,,,,,,,,,,,,,,,,,,,,,,,,,,,,,,,,,,,,,,,,,,,,,,,,,,,,,,,,,,,,,,,,,,,,,,,,,,,,,,,,,,,,
True,2,16,16,32,False,True,LOG_DVC_REDIS,False,False,ONE_PC,YCSB,0.9,0.5,15,0.5,True,10,0,release,0,False,,,,,,,,,,,,,,,,,,,,,,,,,,,,,,,,,,,,,,,,,,,,,,,,,,,,,,,,,,,,,,,,,,,,,,,,,,,,,,,,,,,,,,,,,,,,,,,,,,,,,,,,,,,,,,,,,,,,,,,,,,,,,,,
True,2,16,16,32,False,True,LOG_DVC_REDIS,False,False,ONE_PC,YCSB,0.0,0.5,15,0.5,True,10,1,release,0,False,,,,,,,,,,,,,,,,,,,,,,,,,,,,,,,,,,,,,,,,,,,,,,,,,,,,,,,,,,,,,,,,,,,,,,,,,,,,,,,,,,,,,,,,,,,,,,,,,,,,,,,,,,,,,,,,,,,,,,,,,,,,,,,
True,2,16,16,32,False,True,LOG_DVC_REDIS,False,False,ONE_PC,YCSB,0.5,0.5,15,0.5,True,10,1,release,0,False,,,,,,,,,,,,,,,,,,,,,,,,,,,,,,,,,,,,,,,,,,,,,,,,,,,,,,,,,,,,,,,,,,,,,,,,,,,,,,,,,,,,,,,,,,,,,,,,,,,,,,,,,,,,,,,,,,,,,,,,,,,,,,,
True,2,16,16,32,False,True,LOG_DVC_REDIS,False,False,ONE_PC,YCSB,0.9,0.5,15,0.5,True,10,1,release,0,False,,,,,,,,,,,,,,,,,,,,,,,,,,,,,,,,,,,,,,,,,,,,,,,,,,,,,,,,,,,,,,,,,,,,,,,,,,,,,,,,,,,,,,,,,,,,,,,,,,,,,,,,,,,,,,,,,,,,,,,,,,,,,,,
True,2,16,16,32,False,True,LOG_DVC_REDIS,False,False,ONE_PC,YCSB,0.0,0.5,15,0.5,True,10,2,release,0,False,,,,,,,,,,,,,,,,,,,,,,,,,,,,,,,,,,,,,,,,,,,,,,,,,,,,,,,,,,,,,,,,,,,,,,,,,,,,,,,,,,,,,,,,,,,,,,,,,,,,,,,,,,,,,,,,,,,,,,,,,,,,,,,
True,2,16,16,32,False,True,LOG_DVC_REDIS,False,False,ONE_PC,YCSB,0.5,0.5,15,0.5,True,10,2,release,0,False,,,,,,,,,,,,,,,,,,,,,,,,,,,,,,,,,,,,,,,,,,,,,,,,,,,,,,,,,,,,,,,,,,,,,,,,,,,,,,,,,,,,,,,,,,,,,,,,,,,,,,,,,,,,,,,,,,,,,,,,,,,,,,,
True,2,16,16,32,False,True,LOG_DVC_REDIS,False,False,ONE_PC,YCSB,0.9,0.5,15,0.5,True,10,2,release,0,False,,,,,,,,,,,,,,,,,,,,,,,,,,,,,,,,,,,,,,,,,,,,,,,,,,,,,,,,,,,,,,,,,,,,,,,,,,,,,,,,,,,,,,,,,,,,,,,,,,,,,,,,,,,,,,,,,,,,,,,,,,,,,,,
True,2,16,16,32,False,True,LOG_DVC_REDIS,False,False,ONE_PC,YCSB,0.0,0.5,15,0.5,True,10,0,release,1,False,129.106,240.05,8.97385,0.0,0.0,0.0,0.0,0.0,0.0,0.0,0.0,0.0,0.0,0.0,0.0,0.0,0.0,0.0,,,,,,1489.71,0.0,2969.05,174.101,0.0,1678.29,0.0,0.0,0.0,0.0,0.0,0.0,0.0,0.0,0.0,0.0,0.0,3.62992,0.0,0.0,0.00922268,0.0,12.2251,1.0,5102.57,1.0,9064.02,1901.48,0.0,9222.68,0.00463286,0.00631136,0.00463286,,,0.00565649,0.00600951,0.00748392,0.012009700000000002,0.00565649,0.00600951,0.00748392,0.012009700000000002,1937.0,28478.0,0.0,0.0,0.0,1937.0,28478.0,0.0,15134.0,13344.0,0.0,0.0,0.0,0.0,0.0,0.0,0.0,0.0,0.0,0.0,0.0,0.0,0.0,0.0,0.0,0.0,0.0,0.0,0.0,0.0,0.0,0.0,0.0,0.0,1909.0,1937.0,30415.0,0.0,0.0,0.0,0.0,0.0,0.0,0.0,0.0,0.0,"thr,num_commits,num_aborts,num_precommits,num_waits,num_single_part_txn,num_multi_part_txn,num_aborts_restart,num_aborts_terminate,num_aborts_local,num_aborts_remote,num_affected_txn_co,num_affected_txn_pa,log_num,msg_cnt,msg_size,num_renewals,num_no_need_to_renewal,num_cache_bypass,num_cache_reads,num_cache_hits,num_cache_misses,num_cache_remove,num_cache_inserts,num_cache_updates,num_cache_evictions,num_local_hits,num_renew,num_renew_success,num_renew_failure,num_ro_read,num_ro_check,num_rw_read,num_rw_check,int_debug1,int_debug2,int_debug3,int_debug4,int_debug5,int_debug6,int_urgentwrite,int_aborts_rs1,int_aborts_rs2,int_aborts_rs3,int_aborts_ws1,int_aborts_ws2,int_saved_by_hist,run_time,average_latency,dist_txn_latency,time_process_txn,time_idle,time_write_output_queue,log_size,bytes_sent,dummy_bytes_sent,time_send_msg,time_read_queue,time_output_idle,bytes_received,time_recv_msg,time_write_queue,time_input_idle,logging_send_time,logging_commit_time,single_part_execute_phase,single_part_precommit_phase,single_part_log_latency,single_part_commit_phase,single_part_abort,multi_part_execute_phase,multi_part_precommit_phase,multi_part_prepare_phase,multi_part_commit_phase,multi_part_abort,multi_part_cleanup_phase,terminate_time_co,terminate_time_pa,log_ready_time,dependency_ready_time,CC","1688,1688,590,0,0,0,1688,590,0,400,190,0,0,0,0,0,0,0,0,0,0,0,0,0,0,0,0,0,0,0,0,0,0,0,0,1665,1690,2282,0,0,0,0,0,0,0,0,0,0,8.00428,8.00428,0,0,0,0,0,0,0,0,0,0,0,0,0,0,0,0,0,0,0,0,2.59051,0,5.11167,0.302101,0,2.85488,0,0,0,0,0,0,0,0,0,0,0,3.21147,0,0,0.00922268,0,10.8595,","249,249,1849,0,0,0,249,1849,0,920,929,0,0,0,0,0,0,0,0,0,0,0,0,0,0,0,0,0,0,0,0,0,0,0,0,244,247,2097,0,0,0,0,0,0,0,0,0,0,0.969575,0.969575,0,0,0,0,0,0,0,0,0,0,0,0,0,0,0,0,0,0,0,0,0.295057,0,0.639387,0.0351321,0,0.395964,0,0,0,0,0,0,0,0,0,0,0,0.418458,0,0,0,0,1.36557,","0,0,2021,0,0,0,0,2021,0,1056,965,0,0,0,0,0,0,0,0,0,0,0,0,0,0,0,0,0,0,0,0,0,0,0,0,0,0,2022,0,0,0,0,0,0,0,0,0,0,0,0,0,0,0,0,0,0,0,0,0,0,0,0,0,0,0,0,0,0,0,0,0,0,0,0,0,0,0,0,0,0,0,0,0,0,0,0,0,0,0,0,0,0,0,","0,0,1978,0,0,0,0,1978,0,1050,928,0,0,0,0,0,0,0,0,0,0,0,0,0,0,0,0,0,0,0,0,0,0,0,0,0,0,1976,0,0,0,0,0,0,0,0,0,0,0,0,0,0,0,0,0,0,0,0,0,0,0,0,0,0,0,0,0,0,0,0,0,0,0,0,0,0,0,0,0,0,0,0,0,0,0,0,0,0,0,0,0,0,0,","0,0,2032,0,0,0,0,2032,0,1082,950,0,0,0,0,0,0,0,0,0,0,0,0,0,0,0,0,0,0,0,0,0,0,0,0,0,0,2040,0,0,0,0,0,0,0,0,0,0,0,0,0,0,0,0,0,0,0,0,0,0,0,0,0,0,0,0,0,0,0,0,0,0,0,0,0,0,0,0,0,0,0,0,0,0,0,0,0,0,0,0,0,0,0,","0,0,1990,0,0,0,0,1990,0,1049,941,0,0,0,0,0,0,0,0,0,0,0,0,0,0,0,0,0,0,0,0,0,0,0,0,0,0,1986,0,0,0,0,0,0,0,0,0,0,0,0,0,0,0,0,0,0,0,0,0,0,0,0,0,0,0,0,0,0,0,0,0,0,0,0,0,0,0,0,0,0,0,0,0,0,0,0,0,0,0,0,0,0,0,","0,0,2025,0,0,0,0,2025,0,1071,954,0,0,0,0,0,0,0,0,0,0,0,0,0,0,0,0,0,0,0,0,0,0,0,0,0,0,2023,0,0,0,0,0,0,0,0,0,0,0,0,0,0,0,0,0,0,0,0,0,0,0,0,0,0,0,0,0,0,0,0,0,0,0,0,0,0,0,0,0,0,0,0,0,0,0,0,0,0,0,0,0,0,0,","0,0,1980,0,0,0,0,1980,0,1048,932,0,0,0,0,0,0,0,0,0,0,0,0,0,0,0,0,0,0,0,0,0,0,0,0,0,0,1977,0,0,0,0,0,0,0,0,0,0,0,0,0,0,0,0,0,0,0,0,0,0,0,0,0,0,0,0,0,0,0,0,0,0,0,0,0,0,0,0,0,0,0,0,0,0,0,0,0,0,0,0,0,0,0,","0,0,2000,0,0,0,0,2000,0,1063,937,0,0,0,0,0,0,0,0,0,0,0,0,0,0,0,0,0,0,0,0,0,0,0,0,0,0,2008,0,0,0,0,0,0,0,0,0,0,0,0,0,0,0,0,0,0,0,0,0,0,0,0,0,0,0,0,0,0,0,0,0,0,0,0,0,0,0,0,0,0,0,0,0,0,0,0,0,0,0,0,0,0,0,","0,0,2017,0,0,0,0,2017,0,1071,946,0,0,0,0,0,0,0,0,0,0,0,0,0,0,0,0,0,0,0,0,0,0,0,0,0,0,2011,0,0,0,0,0,0,0,0,0,0,0,0,0,0,0,0,0,0,0,0,0,0,0,0,0,0,0,0,0,0,0,0,0,0,0,0,0,0,0,0,0,0,0,0,0,0,0,0,0,0,0,0,0,0,0,","0,0,1992,0,0,0,0,1992,0,1041,951,0,0,0,0,0,0,0,0,0,0,0,0,0,0,0,0,0,0,0,0,0,0,0,0,0,0,1992,0,0,0,0,0,0,0,0,0,0,0,0,0,0,0,0,0,0,0,0,0,0,0,0,0,0,0,0,0,0,0,0,0,0,0,0,0,0,0,0,0,0,0,0,0,0,0,0,0,0,0,0,0,0,0,","0,0,1969,0,0,0,0,1969,0,1036,933,0,0,0,0,0,0,0,0,0,0,0,0,0,0,0,0,0,0,0,0,0,0,0,0,0,0,1972,0,0,0,0,0,0,0,0,0,0,0,0,0,0,0,0,0,0,0,0,0,0,0,0,0,0,0,0,0,0,0,0,0,0,0,0,0,0,0,0,0,0,0,0,0,0,0,0,0,0,0,0,0,0,0,","0,0,2001,0,0,0,0,2001,0,1079,922,0,0,0,0,0,0,0,0,0,0,0,0,0,0,0,0,0,0,0,0,0,0,0,0,0,0,2000,0,0,0,0,0,0,0,0,0,0,0,0,0,0,0,0,0,0,0,0,0,0,0,0,0,0,0,0,0,0,0,0,0,0,0,0,0,0,0,0,0,0,0,0,0,0,0,0,0,0,0,0,0,0,0,","0,0,2022,0,0,0,0,2022,0,1080,942,0,0,0,0,0,0,0,0,0,0,0,0,0,0,0,0,0,0,0,0,0,0,0,0,0,0,2023,0,0,0,0,0,0,0,0,0,0,0,0,0,0,0,0,0,0,0,0,0,0,0,0,0,0,0,0,0,0,0,0,0,0,0,0,0,0,0,0,0,0,0,0,0,0,0,0,0,0,0,0,0,0,0,"
True,2,16,16,32,False,True,LOG_DVC_REDIS,False,False,ONE_PC,YCSB,0.5,0.5,15,0.5,True,10,0,release,1,False,63.4316,246.69099999999997,4.60398,0.0,0.0,0.0,0.0,0.0,0.0,0.0,0.0,0.0,0.0,0.0,0.0,0.0,0.0,0.0,,,,,,1552.7,0.0,2989.55,165.293,0.0,1686.01,0.0,0.0,0.0,0.0,0.0,0.0,0.0,0.0,0.0,0.0,0.0,1.7441099999999998,0.0,0.0,0.00840882,0.0,6.25307,1.0,5158.77,1.0,9100.65,1801.76,0.0,8408.82,0.00470755,0.00639373,0.00470755,,,0.00588868,0.00633409,0.0104531,0.012291,0.00588868,0.00633409,0.0104531,0.012291,978.0,22482.0,0.0,0.0,0.0,978.0,22482.0,0.0,13271.0,9211.0,0.0,0.0,0.0,0.0,0.0,0.0,0.0,0.0,0.0,0.0,0.0,0.0,0.0,0.0,0.0,0.0,0.0,0.0,0.0,0.0,0.0,0.0,0.0,0.0,968.0,978.0,23460.0,0.0,0.0,0.0,0.0,0.0,0.0,0.0,0.0,0.0,"thr,num_commits,num_aborts,num_precommits,num_waits,num_single_part_txn,num_multi_part_txn,num_aborts_restart,num_aborts_terminate,num_aborts_local,num_aborts_remote,num_affected_txn_co,num_affected_txn_pa,log_num,msg_cnt,msg_size,num_renewals,num_no_need_to_renewal,num_cache_bypass,num_cache_reads,num_cache_hits,num_cache_misses,num_cache_remove,num_cache_inserts,num_cache_updates,num_cache_evictions,num_local_hits,num_renew,num_renew_success,num_renew_failure,num_ro_read,num_ro_check,num_rw_read,num_rw_check,int_debug1,int_debug2,int_debug3,int_debug4,int_debug5,int_debug6,int_urgentwrite,int_aborts_rs1,int_aborts_rs2,int_aborts_rs3,int_aborts_ws1,int_aborts_ws2,int_saved_by_hist,run_time,average_latency,dist_txn_latency,time_process_txn,time_idle,time_write_output_queue,log_size,bytes_sent,dummy_bytes_sent,time_send_msg,time_read_queue,time_output_idle,bytes_received,time_recv_msg,time_write_queue,time_input_idle,logging_send_time,logging_commit_time,single_part_execute_phase,single_part_precommit_phase,single_part_log_latency,single_part_commit_phase,single_part_abort,multi_part_execute_phase,multi_part_precommit_phase,multi_part_prepare_phase,multi_part_commit_phase,multi_part_abort,multi_part_cleanup_phase,terminate_time_co,terminate_time_pa,log_ready_time,dependency_ready_time,CC","978,978,1200,0,0,0,978,1200,0,672,528,0,0,0,0,0,0,0,0,0,0,0,0,0,0,0,0,0,0,0,0,0,0,0,0,968,978,2181,0,0,0,0,0,0,0,0,0,0,4.60398,4.60398,0,0,0,0,0,0,0,0,0,0,0,0,0,0,0,0,0,0,0,0,1.51854,0,2.92378,0.161657,0,1.64892,0,0,0,0,0,0,0,0,0,0,0,1.74411,0,0,0.00840882,0,6.25307,","0,0,2034,0,0,0,0,2034,0,1204,830,0,0,0,0,0,0,0,0,0,0,0,0,0,0,0,0,0,0,0,0,0,0,0,0,0,0,2034,0,0,0,0,0,0,0,0,0,0,0,0,0,0,0,0,0,0,0,0,0,0,0,0,0,0,0,0,0,0,0,0,0,0,0,0,0,0,0,0,0,0,0,0,0,0,0,0,0,0,0,0,0,0,0,","0,0,2025,0,0,0,0,2025,0,1189,836,0,0,0,0,0,0,0,0,0,0,0,0,0,0,0,0,0,0,0,0,0,0,0,0,0,0,2023,0,0,0,0,0,0,0,0,0,0,0,0,0,0,0,0,0,0,0,0,0,0,0,0,0,0,0,0,0,0,0,0,0,0,0,0,0,0,0,0,0,0,0,0,0,0,0,0,0,0,0,0,0,0,0,","0,0,2016,0,0,0,0,2016,0,1195,821,0,0,0,0,0,0,0,0,0,0,0,0,0,0,0,0,0,0,0,0,0,0,0,0,0,0,2018,0,0,0,0,0,0,0,0,0,0,0,0,0,0,0,0,0,0,0,0,0,0,0,0,0,0,0,0,0,0,0,0,0,0,0,0,0,0,0,0,0,0,0,0,0,0,0,0,0,0,0,0,0,0,0,","0,0,1988,0,0,0,0,1988,0,1171,817,0,0,0,0,0,0,0,0,0,0,0,0,0,0,0,0,0,0,0,0,0,0,0,0,0,0,1989,0,0,0,0,0,0,0,0,0,0,0,0,0,0,0,0,0,0,0,0,0,0,0,0,0,0,0,0,0,0,0,0,0,0,0,0,0,0,0,0,0,0,0,0,0,0,0,0,0,0,0,0,0,0,0,","0,0,1996,0,0,0,0,1996,0,1169,827,0,0,0,0,0,0,0,0,0,0,0,0,0,0,0,0,0,0,0,0,0,0,0,0,0,0,1994,0,0,0,0,0,0,0,0,0,0,0,0,0,0,0,0,0,0,0,0,0,0,0,0,0,0,0,0,0,0,0,0,0,0,0,0,0,0,0,0,0,0,0,0,0,0,0,0,0,0,0,0,0,0,0,","0,0,2007,0,0,0,0,2007,0,1192,815,0,0,0,0,0,0,0,0,0,0,0,0,0,0,0,0,0,0,0,0,0,0,0,0,0,0,2014,0,0,0,0,0,0,0,0,0,0,0,0,0,0,0,0,0,0,0,0,0,0,0,0,0,0,0,0,0,0,0,0,0,0,0,0,0,0,0,0,0,0,0,0,0,0,0,0,0,0,0,0,0,0,0,","0,0,1960,0,0,0,0,1960,0,1161,799,0,0,0,0,0,0,0,0,0,0,0,0,0,0,0,0,0,0,0,0,0,0,0,0,0,0,1952,0,0,0,0,0,0,0,0,0,0,0,0,0,0,0,0,0,0,0,0,0,0,0,0,0,0,0,0,0,0,0,0,0,0,0,0,0,0,0,0,0,0,0,0,0,0,0,0,0,0,0,0,0,0,0,","0,0,2010,0,0,0,0,2010,0,1195,815,0,0,0,0,0,0,0,0,0,0,0,0,0,0,0,0,0,0,0,0,0,0,0,0,0,0,2012,0,0,0,0,0,0,0,0,0,0,0,0,0,0,0,0,0,0,0,0,0,0,0,0,0,0,0,0,0,0,0,0,0,0,0,0,0,0,0,0,0,0,0,0,0,0,0,0,0,0,0,0,0,0,0,","0,0,2027,0,0,0,0,2027,0,1208,819,0,0,0,0,0,0,0,0,0,0,0,0,0,0,0,0,0,0,0,0,0,0,0,0,0,0,2026,0,0,0,0,0,0,0,0,0,0,0,0,0,0,0,0,0,0,0,0,0,0,0,0,0,0,0,0,0,0,0,0,0,0,0,0,0,0,0,0,0,0,0,0,0,0,0,0,0,0,0,0,0,0,0,","0,0,2008,0,0,0,0,2008,0,1195,813,0,0,0,0,0,0,0,0,0,0,0,0,0,0,0,0,0,0,0,0,0,0,0,0,0,0,2010,0,0,0,0,0,0,0,0,0,0,0,0,0,0,0,0,0,0,0,0,0,0,0,0,0,0,0,0,0,0,0,0,0,0,0,0,0,0,0,0,0,0,0,0,0,0,0,0,0,0,0,0,0,0,0,",,,
True,2,16,16,32,False,True,LOG_DVC_REDIS,False,False,ONE_PC,YCSB,0.9,0.5,15,0.5,True,10,0,release,1,False,0.466496,240.088,0.06292769999999999,0.0,0.0,0.0,0.0,0.0,0.0,0.0,0.0,0.0,0.0,0.0,0.0,0.0,0.0,0.0,,,,,,3840.47,0.0,3332.85,208.127,1608.24,1474.23,0.0,0.0,0.0,0.0,0.0,0.0,0.0,0.0,0.0,0.0,0.0,0.015900499999999998,0.0,0.0,0.00874977,0.0,0.07324810000000001,1.0,4817.14,1.0,8683.43,1766.72,0.0,8749.77,0.00898968,0.010464,0.00898968,,,0.0160855,0.0160855,0.0160855,0.0160855,0.0160855,0.0160855,0.0160855,0.0160855,7.0,30931.0,0.0,0.0,0.0,7.0,30931.0,0.0,12512.0,18419.0,0.0,0.0,0.0,0.0,0.0,0.0,0.0,0.0,0.0,0.0,0.0,0.0,0.0,0.0,0.0,0.0,0.0,0.0,0.0,0.0,0.0,0.0,0.0,0.0,9.0,7.0,30938.0,0.0,0.0,0.0,0.0,0.0,0.0,0.0,0.0,0.0,"thr,num_commits,num_aborts,num_precommits,num_waits,num_single_part_txn,num_multi_part_txn,num_aborts_restart,num_aborts_terminate,num_aborts_local,num_aborts_remote,num_affected_txn_co,num_affected_txn_pa,log_num,msg_cnt,msg_size,num_renewals,num_no_need_to_renewal,num_cache_bypass,num_cache_reads,num_cache_hits,num_cache_misses,num_cache_remove,num_cache_inserts,num_cache_updates,num_cache_evictions,num_local_hits,num_renew,num_renew_success,num_renew_failure,num_ro_read,num_ro_check,num_rw_read,num_rw_check,int_debug1,int_debug2,int_debug3,int_debug4,int_debug5,int_debug6,int_urgentwrite,int_aborts_rs1,int_aborts_rs2,int_aborts_rs3,int_aborts_ws1,int_aborts_ws2,int_saved_by_hist,run_time,average_latency,dist_txn_latency,time_process_txn,time_idle,time_write_output_queue,log_size,bytes_sent,dummy_bytes_sent,time_send_msg,time_read_queue,time_output_idle,bytes_received,time_recv_msg,time_write_queue,time_input_idle,logging_send_time,logging_commit_time,single_part_execute_phase,single_part_precommit_phase,single_part_log_latency,single_part_commit_phase,single_part_abort,multi_part_execute_phase,multi_part_precommit_phase,multi_part_prepare_phase,multi_part_commit_phase,multi_part_abort,multi_part_cleanup_phase,terminate_time_co,terminate_time_pa,log_ready_time,dependency_ready_time,CC","7,7,2060,0,0,0,7,2060,0,835,1225,0,0,0,0,0,0,0,0,0,0,0,0,0,0,0,0,0,0,0,0,0,0,0,0,9,7,2070,0,0,0,0,0,0,0,0,0,0,0.0629277,0.0629277,0,0,0,0,0,0,0,0,0,0,0,0,0,0,0,0,0,0,0,0,0.0268833,0,0.0233299,0.00145689,0.0112577,0.0103196,0,0,0,0,0,0,0,0,0,0,0,0.0159005,0,0,0.00874977,0,0.0732481,","0,0,2104,0,0,0,0,2104,0,848,1256,0,0,0,0,0,0,0,0,0,0,0,0,0,0,0,0,0,0,0,0,0,0,0,0,0,0,2105,0,0,0,0,0,0,0,0,0,0,0,0,0,0,0,0,0,0,0,0,0,0,0,0,0,0,0,0,0,0,0,0,0,0,0,0,0,0,0,0,0,0,0,0,0,0,0,0,0,0,0,0,0,0,0,","0,0,2082,0,0,0,0,2082,0,852,1230,0,0,0,0,0,0,0,0,0,0,0,0,0,0,0,0,0,0,0,0,0,0,0,0,0,0,2080,0,0,0,0,0,0,0,0,0,0,0,0,0,0,0,0,0,0,0,0,0,0,0,0,0,0,0,0,0,0,0,0,0,0,0,0,0,0,0,0,0,0,0,0,0,0,0,0,0,0,0,0,0,0,0,","0,0,2090,0,0,0,0,2090,0,846,1244,0,0,0,0,0,0,0,0,0,0,0,0,0,0,0,0,0,0,0,0,0,0,0,0,0,0,2091,0,0,0,0,0,0,0,0,0,0,0,0,0,0,0,0,0,0,0,0,0,0,0,0,0,0,0,0,0,0,0,0,0,0,0,0,0,0,0,0,0,0,0,0,0,0,0,0,0,0,0,0,0,0,0,","0,0,2089,0,0,0,0,2089,0,849,1240,0,0,0,0,0,0,0,0,0,0,0,0,0,0,0,0,0,0,0,0,0,0,0,0,0,0,2089,0,0,0,0,0,0,0,0,0,0,0,0,0,0,0,0,0,0,0,0,0,0,0,0,0,0,0,0,0,0,0,0,0,0,0,0,0,0,0,0,0,0,0,0,0,0,0,0,0,0,0,0,0,0,0,","0,0,2035,0,0,0,0,2035,0,821,1214,0,0,0,0,0,0,0,0,0,0,0,0,0,0,0,0,0,0,0,0,0,0,0,0,0,0,2034,0,0,0,0,0,0,0,0,0,0,0,0,0,0,0,0,0,0,0,0,0,0,0,0,0,0,0,0,0,0,0,0,0,0,0,0,0,0,0,0,0,0,0,0,0,0,0,0,0,0,0,0,0,0,0,","0,0,2075,0,0,0,0,2075,0,828,1247,0,0,0,0,0,0,0,0,0,0,0,0,0,0,0,0,0,0,0,0,0,0,0,0,0,0,2077,0,0,0,0,0,0,0,0,0,0,0,0,0,0,0,0,0,0,0,0,0,0,0,0,0,0,0,0,0,0,0,0,0,0,0,0,0,0,0,0,0,0,0,0,0,0,0,0,0,0,0,0,0,0,0,","0,0,2056,0,0,0,0,2056,0,835,1221,0,0,0,0,0,0,0,0,0,0,0,0,0,0,0,0,0,0,0,0,0,0,0,0,0,0,2056,0,0,0,0,0,0,0,0,0,0,0,0,0,0,0,0,0,0,0,0,0,0,0,0,0,0,0,0,0,0,0,0,0,0,0,0,0,0,0,0,0,0,0,0,0,0,0,0,0,0,0,0,0,0,0,","0,0,2048,0,0,0,0,2048,0,820,1228,0,0,0,0,0,0,0,0,0,0,0,0,0,0,0,0,0,0,0,0,0,0,0,0,0,0,2046,0,0,0,0,0,0,0,0,0,0,0,0,0,0,0,0,0,0,0,0,0,0,0,0,0,0,0,0,0,0,0,0,0,0,0,0,0,0,0,0,0,0,0,0,0,0,0,0,0,0,0,0,0,0,0,","0,0,2042,0,0,0,0,2042,0,836,1206,0,0,0,0,0,0,0,0,0,0,0,0,0,0,0,0,0,0,0,0,0,0,0,0,0,0,2046,0,0,0,0,0,0,0,0,0,0,0,0,0,0,0,0,0,0,0,0,0,0,0,0,0,0,0,0,0,0,0,0,0,0,0,0,0,0,0,0,0,0,0,0,0,0,0,0,0,0,0,0,0,0,0,","0,0,2039,0,0,0,0,2039,0,822,1217,0,0,0,0,0,0,0,0,0,0,0,0,0,0,0,0,0,0,0,0,0,0,0,0,0,0,2035,0,0,0,0,0,0,0,0,0,0,0,0,0,0,0,0,0,0,0,0,0,0,0,0,0,0,0,0,0,0,0,0,0,0,0,0,0,0,0,0,0,0,0,0,0,0,0,0,0,0,0,0,0,0,0,","0,0,2057,0,0,0,0,2057,0,843,1214,0,0,0,0,0,0,0,0,0,0,0,0,0,0,0,0,0,0,0,0,0,0,0,0,0,0,2057,0,0,0,0,0,0,0,0,0,0,0,0,0,0,0,0,0,0,0,0,0,0,0,0,0,0,0,0,0,0,0,0,0,0,0,0,0,0,0,0,0,0,0,0,0,0,0,0,0,0,0,0,0,0,0,","0,0,2021,0,0,0,0,2021,0,812,1209,0,0,0,0,0,0,0,0,0,0,0,0,0,0,0,0,0,0,0,0,0,0,0,0,0,0,2024,0,0,0,0,0,0,0,0,0,0,0,0,0,0,0,0,0,0,0,0,0,0,0,0,0,0,0,0,0,0,0,0,0,0,0,0,0,0,0,0,0,0,0,0,0,0,0,0,0,0,0,0,0,0,0,","0,0,2063,0,0,0,0,2063,0,834,1229,0,0,0,0,0,0,0,0,0,0,0,0,0,0,0,0,0,0,0,0,0,0,0,0,0,0,2061,0,0,0,0,0,0,0,0,0,0,0,0,0,0,0,0,0,0,0,0,0,0,0,0,0,0,0,0,0,0,0,0,0,0,0,0,0,0,0,0,0,0,0,0,0,0,0,0,0,0,0,0,0,0,0,"
True,2,16,16,32,False,True,LOG_DVC_REDIS,False,False,ONE_PC,YCSB,0.0,0.5,15,0.5,True,10,1,release,1,False,129.102,240.058,32.6604,0.0,0.0,0.0,0.0,0.0,0.0,0.0,0.0,0.0,0.0,0.0,0.0,0.0,0.0,0.0,,,,,,4427.26,0.0,12282.1,151.965,0.0,5720.16,0.0,0.0,0.0,0.0,0.0,0.0,0.0,0.0,0.0,0.0,0.0,3.42921,0.0,0.0,0.00893862,0.0,43.7407,1.0,5102.57,1.0,9064.02,1795.4,0.0,8938.61,0.016861400000000002,0.0225817,0.016861400000000002,,,0.00529507,0.00570059,0.10465,1.9287400000000001,0.00529507,0.00570059,0.10465,1.9287400000000001,1937.0,21213.0,0.0,0.0,0.0,1937.0,21213.0,0.0,11237.0,9976.0,0.0,0.0,0.0,0.0,0.0,0.0,0.0,0.0,0.0,0.0,0.0,0.0,0.0,0.0,0.0,0.0,0.0,0.0,0.0,0.0,0.0,0.0,0.0,0.0,1910.0,1937.0,23150.0,0.0,0.0,0.0,0.0,0.0,0.0,0.0,0.0,0.0,"thr,num_commits,num_aborts,num_precommits,num_waits,num_single_part_txn,num_multi_part_txn,num_aborts_restart,num_aborts_terminate,num_aborts_local,num_aborts_remote,num_affected_txn_co,num_affected_txn_pa,log_num,msg_cnt,msg_size,num_renewals,num_no_need_to_renewal,num_cache_bypass,num_cache_reads,num_cache_hits,num_cache_misses,num_cache_remove,num_cache_inserts,num_cache_updates,num_cache_evictions,num_local_hits,num_renew,num_renew_success,num_renew_failure,num_ro_read,num_ro_check,num_rw_read,num_rw_check,int_debug1,int_debug2,int_debug3,int_debug4,int_debug5,int_debug6,int_urgentwrite,int_aborts_rs1,int_aborts_rs2,int_aborts_rs3,int_aborts_ws1,int_aborts_ws2,int_saved_by_hist,run_time,average_latency,dist_txn_latency,time_process_txn,time_idle,time_write_output_queue,log_size,bytes_sent,dummy_bytes_sent,time_send_msg,time_read_queue,time_output_idle,bytes_received,time_recv_msg,time_write_queue,time_input_idle,logging_send_time,logging_commit_time,single_part_execute_phase,single_part_precommit_phase,single_part_log_latency,single_part_commit_phase,single_part_abort,multi_part_execute_phase,multi_part_precommit_phase,multi_part_prepare_phase,multi_part_commit_phase,multi_part_abort,multi_part_cleanup_phase,terminate_time_co,terminate_time_pa,log_ready_time,dependency_ready_time,CC","39,39,0,0,0,0,39,0,0,0,0,0,0,0,0,0,0,0,0,0,0,0,0,0,0,0,0,0,0,0,0,0,0,0,0,48,52,45,0,0,0,0,0,0,0,0,0,0,6.03863,6.03863,0,0,0,0,0,0,0,0,0,0,0,0,0,0,0,0,0,0,0,0,0.111657,0,5.91851,0.00846669,0,7.75399,0,0,0,0,0,0,0,0,0,0,0,0.117417,0,0,0.00893862,0,13.7926,","144,144,0,0,0,0,144,0,0,0,0,0,0,0,0,0,0,0,0,0,0,0,0,0,0,0,0,0,0,0,0,0,0,0,0,136,142,140,0,0,0,0,0,0,0,0,0,0,18.0061,18.0061,0,0,0,0,0,0,0,0,0,0,0,0,0,0,0,0,0,0,0,0,5.98349,0,11.9972,0.0254508,0,0.229739,0,0,0,0,0,0,0,0,0,0,0,0.242996,0,0,0,0,18.2359,","1537,1537,623,0,0,0,1537,623,0,420,203,0,0,0,0,0,0,0,0,0,0,0,0,0,0,0,0,0,0,0,0,0,0,0,0,1516,1531,2167,0,0,0,0,0,0,0,0,0,0,7.77534,7.77534,0,0,0,0,0,0,0,0,0,0,0,0,0,0,0,0,0,0,0,0,2.23048,0,5.31137,0.233482,0,2.7436,0,0,0,0,0,0,0,0,0,0,0,2.71341,0,0,0,0,10.5192,","217,217,1857,0,0,0,217,1857,0,915,942,0,0,0,0,0,0,0,0,0,0,0,0,0,0,0,0,0,0,0,0,0,0,0,0,210,212,2067,0,0,0,0,0,0,0,0,0,0,0.840329,0.840329,0,0,0,0,0,0,0,0,0,0,0,0,0,0,0,0,0,0,0,0,0.249963,0,0.563409,0.0269566,0,0.352621,0,0,0,0,0,0,0,0,0,0,0,0.355383,0,0,0,0,1.19297,","0,0,2036,0,0,0,0,2036,0,1065,971,0,0,0,0,0,0,0,0,0,0,0,0,0,0,0,0,0,0,0,0,0,0,0,0,0,0,2039,0,0,0,0,0,0,0,0,0,0,0,0,0,0,0,0,0,0,0,0,0,0,0,0,0,0,0,0,0,0,0,0,0,0,0,0,0,0,0,0,0,0,0,0,0,0,0,0,0,0,0,0,0,0,0,","0,0,2006,0,0,0,0,2006,0,1069,937,0,0,0,0,0,0,0,0,0,0,0,0,0,0,0,0,0,0,0,0,0,0,0,0,0,0,2006,0,0,0,0,0,0,0,0,0,0,0,0,0,0,0,0,0,0,0,0,0,0,0,0,0,0,0,0,0,0,0,0,0,0,0,0,0,0,0,0,0,0,0,0,0,0,0,0,0,0,0,0,0,0,0,","0,0,2013,0,0,0,0,2013,0,1071,942,0,0,0,0,0,0,0,0,0,0,0,0,0,0,0,0,0,0,0,0,0,0,0,0,0,0,2012,0,0,0,0,0,0,0,0,0,0,0,0,0,0,0,0,0,0,0,0,0,0,0,0,0,0,0,0,0,0,0,0,0,0,0,0,0,0,0,0,0,0,0,0,0,0,0,0,0,0,0,0,0,0,0,","0,0,2012,0,0,0,0,2012,0,1061,951,0,0,0,0,0,0,0,0,0,0,0,0,0,0,0,0,0,0,0,0,0,0,0,0,0,0,2010,0,0,0,0,0,0,0,0,0,0,0,0,0,0,0,0,0,0,0,0,0,0,0,0,0,0,0,0,0,0,0,0,0,0,0,0,0,0,0,0,0,0,0,0,0,0,0,0,0,0,0,0,0,0,0,","0,0,2011,0,0,0,0,2011,0,1064,947,0,0,0,0,0,0,0,0,0,0,0,0,0,0,0,0,0,0,0,0,0,0,0,0,0,0,2011,0,0,0,0,0,0,0,0,0,0,0,0,0,0,0,0,0,0,0,0,0,0,0,0,0,0,0,0,0,0,0,0,0,0,0,0,0,0,0,0,0,0,0,0,0,0,0,0,0,0,0,0,0,0,0,","0,0,2005,0,0,0,0,2005,0,1062,943,0,0,0,0,0,0,0,0,0,0,0,0,0,0,0,0,0,0,0,0,0,0,0,0,0,0,2005,0,0,0,0,0,0,0,0,0,0,0,0,0,0,0,0,0,0,0,0,0,0,0,0,0,0,0,0,0,0,0,0,0,0,0,0,0,0,0,0,0,0,0,0,0,0,0,0,0,0,0,0,0,0,0,","0,0,2005,0,0,0,0,2005,0,1057,948,0,0,0,0,0,0,0,0,0,0,0,0,0,0,0,0,0,0,0,0,0,0,0,0,0,0,2007,0,0,0,0,0,0,0,0,0,0,0,0,0,0,0,0,0,0,0,0,0,0,0,0,0,0,0,0,0,0,0,0,0,0,0,0,0,0,0,0,0,0,0,0,0,0,0,0,0,0,0,0,0,0,0,","0,0,2015,0,0,0,0,2015,0,1065,950,0,0,0,0,0,0,0,0,0,0,0,0,0,0,0,0,0,0,0,0,0,0,0,0,0,0,2015,0,0,0,0,0,0,0,0,0,0,0,0,0,0,0,0,0,0,0,0,0,0,0,0,0,0,0,0,0,0,0,0,0,0,0,0,0,0,0,0,0,0,0,0,0,0,0,0,0,0,0,0,0,0,0,","0,0,723,0,0,0,0,723,0,379,344,0,0,0,0,0,0,0,0,0,0,0,0,0,0,0,0,0,0,0,0,0,0,0,0,0,0,719,0,0,0,0,0,0,0,0,0,0,0,0,0,0,0,0,0,0,0,0,0,0,0,0,0,0,0,0,0,0,0,0,0,0,0,0,0,0,0,0,0,0,0,0,0,0,0,0,0,0,0,0,0,0,0,","0,0,14,0,0,0,0,14,0,6,8,0,0,0,0,0,0,0,0,0,0,0,0,0,0,0,0,0,0,0,0,0,0,0,0,0,0,20,0,0,0,0,0,0,0,0,0,0,0,0,0,0,0,0,0,0,0,0,0,0,0,0,0,0,0,0,0,0,0,0,0,0,0,0,0,0,0,0,0,0,0,0,0,0,0,0,0,0,0,0,0,0,0,"
True,2,16,16,32,False,True,LOG_DVC_REDIS,False,False,ONE_PC,YCSB,0.5,0.5,15,0.5,True,10,1,release,1,False,63.1837,240.062,27.0104,0.0,0.0,0.0,0.0,0.0,0.0,0.0,0.0,0.0,0.0,0.0,0.0,0.0,0.0,0.0,,,,,,19320.9,0.0,8932.88,238.183,0.0,1667.77,0.0,0.0,0.0,0.0,0.0,0.0,0.0,0.0,0.0,0.0,0.0,1.74935,0.0,0.0,0.00914733,0.0,28.5916,1.0,5132.38,1.0,9079.22,1812.8,0.0,9147.33,0.028491900000000004,0.0301599,0.028491900000000004,,,0.00599357,0.00750627,1.40746,1.40879,0.00599357,0.00750627,1.40746,1.40879,948.0,22218.0,0.0,0.0,0.0,948.0,22218.0,0.0,11713.0,10505.0,0.0,0.0,0.0,0.0,0.0,0.0,0.0,0.0,0.0,0.0,0.0,0.0,0.0,0.0,0.0,0.0,0.0,0.0,0.0,0.0,0.0,0.0,0.0,0.0,965.0,948.0,23166.0,0.0,0.0,0.0,0.0,0.0,0.0,0.0,0.0,0.0,"thr,num_commits,num_aborts,num_precommits,num_waits,num_single_part_txn,num_multi_part_txn,num_aborts_restart,num_aborts_terminate,num_aborts_local,num_aborts_remote,num_affected_txn_co,num_affected_txn_pa,log_num,msg_cnt,msg_size,num_renewals,num_no_need_to_renewal,num_cache_bypass,num_cache_reads,num_cache_hits,num_cache_misses,num_cache_remove,num_cache_inserts,num_cache_updates,num_cache_evictions,num_local_hits,num_renew,num_renew_success,num_renew_failure,num_ro_read,num_ro_check,num_rw_read,num_rw_check,int_debug1,int_debug2,int_debug3,int_debug4,int_debug5,int_debug6,int_urgentwrite,int_aborts_rs1,int_aborts_rs2,int_aborts_rs3,int_aborts_ws1,int_aborts_ws2,int_saved_by_hist,run_time,average_latency,dist_txn_latency,time_process_txn,time_idle,time_write_output_queue,log_size,bytes_sent,dummy_bytes_sent,time_send_msg,time_read_queue,time_output_idle,bytes_received,time_recv_msg,time_write_queue,time_input_idle,logging_send_time,logging_commit_time,single_part_execute_phase,single_part_precommit_phase,single_part_log_latency,single_part_commit_phase,single_part_abort,multi_part_execute_phase,multi_part_precommit_phase,multi_part_prepare_phase,multi_part_commit_phase,multi_part_abort,multi_part_cleanup_phase,terminate_time_co,terminate_time_pa,log_ready_time,dependency_ready_time,CC","31,31,0,0,0,0,31,0,0,0,0,0,0,0,0,0,0,0,0,0,0,0,0,0,0,0,0,0,0,0,0,0,0,0,0,33,35,32,0,0,0,0,0,0,0,0,0,0,21.2714,21.2714,0,0,0,0,0,0,0,0,0,0,0,0,0,0,0,0,0,0,0,0,15.521,0,5.74117,0.00922589,0,0.0610919,0,0,0,0,0,0,0,0,0,0,0,0.0899684,0,0,0.00914733,0,21.3325,","844,844,472,0,0,0,844,472,0,245,227,0,0,0,0,0,0,0,0,0,0,0,0,0,0,0,0,0,0,0,0,0,0,0,0,863,841,1319,0,0,0,0,0,0,0,0,0,0,5.46499,5.46499,0,0,0,0,0,0,0,0,0,0,0,0,0,0,0,0,0,0,0,0,2.70743,0,2.54995,0.207612,0,1.40305,0,0,0,0,0,0,0,0,0,0,0,1.5469,0,0,0,0,6.8682,","73,73,1993,0,0,0,73,1993,0,1026,967,0,0,0,0,0,0,0,0,0,0,0,0,0,0,0,0,0,0,0,0,0,0,0,0,69,72,2066,0,0,0,0,0,0,0,0,0,0,0.273988,0.273988,0,0,0,0,0,0,0,0,0,0,0,0,0,0,0,0,0,0,0,0,0.0877685,0,0.17726,0.00895955,0,0.116901,0,0,0,0,0,0,0,0,0,0,0,0.112489,0,0,0,0,0.390897,","0,0,1031,0,0,0,0,1031,0,547,484,0,0,0,0,0,0,0,0,0,0,0,0,0,0,0,0,0,0,0,0,0,0,0,0,0,0,1031,0,0,0,0,0,0,0,0,0,0,0,0,0,0,0,0,0,0,0,0,0,0,0,0,0,0,0,0,0,0,0,0,0,0,0,0,0,0,0,0,0,0,0,0,0,0,0,0,0,0,0,0,0,0,0,","0,0,17,0,0,0,0,17,0,11,6,0,0,0,0,0,0,0,0,0,0,0,0,0,0,0,0,0,0,0,0,0,0,0,0,0,0,18,0,0,0,0,0,0,0,0,0,0,0,0,0,0,0,0,0,0,0,0,0,0,0,0,0,0,0,0,0,0,0,0,0,0,0,0,0,0,0,0,0,0,0,0,0,0,0,0,0,0,0,0,0,0,0,","0,0,532,0,0,0,0,532,0,275,257,0,0,0,0,0,0,0,0,0,0,0,0,0,0,0,0,0,0,0,0,0,0,0,0,0,0,530,0,0,0,0,0,0,0,0,0,0,0,0,0,0,0,0,0,0,0,0,0,0,0,0,0,0,0,0,0,0,0,0,0,0,0,0,0,0,0,0,0,0,0,0,0,0,0,0,0,0,0,0,0,0,0,","0,0,2034,0,0,0,0,2034,0,1070,964,0,0,0,0,0,0,0,0,0,0,0,0,0,0,0,0,0,0,0,0,0,0,0,0,0,0,2036,0,0,0,0,0,0,0,0,0,0,0,0,0,0,0,0,0,0,0,0,0,0,0,0,0,0,0,0,0,0,0,0,0,0,0,0,0,0,0,0,0,0,0,0,0,0,0,0,0,0,0,0,0,0,0,","0,0,2039,0,0,0,0,2039,0,1085,954,0,0,0,0,0,0,0,0,0,0,0,0,0,0,0,0,0,0,0,0,0,0,0,0,0,0,2040,0,0,0,0,0,0,0,0,0,0,0,0,0,0,0,0,0,0,0,0,0,0,0,0,0,0,0,0,0,0,0,0,0,0,0,0,0,0,0,0,0,0,0,0,0,0,0,0,0,0,0,0,0,0,0,","0,0,2014,0,0,0,0,2014,0,1061,953,0,0,0,0,0,0,0,0,0,0,0,0,0,0,0,0,0,0,0,0,0,0,0,0,0,0,2010,0,0,0,0,0,0,0,0,0,0,0,0,0,0,0,0,0,0,0,0,0,0,0,0,0,0,0,0,0,0,0,0,0,0,0,0,0,0,0,0,0,0,0,0,0,0,0,0,0,0,0,0,0,0,0,","0,0,2012,0,0,0,0,2012,0,1059,953,0,0,0,0,0,0,0,0,0,0,0,0,0,0,0,0,0,0,0,0,0,0,0,0,0,0,2013,0,0,0,0,0,0,0,0,0,0,0,0,0,0,0,0,0,0,0,0,0,0,0,0,0,0,0,0,0,0,0,0,0,0,0,0,0,0,0,0,0,0,0,0,0,0,0,0,0,0,0,0,0,0,0,","0,0,2022,0,0,0,0,2022,0,1072,950,0,0,0,0,0,0,0,0,0,0,0,0,0,0,0,0,0,0,0,0,0,0,0,0,0,0,2022,0,0,0,0,0,0,0,0,0,0,0,0,0,0,0,0,0,0,0,0,0,0,0,0,0,0,0,0,0,0,0,0,0,0,0,0,0,0,0,0,0,0,0,0,0,0,0,0,0,0,0,0,0,0,0,","0,0,2022,0,0,0,0,2022,0,1067,955,0,0,0,0,0,0,0,0,0,0,0,0,0,0,0,0,0,0,0,0,0,0,0,0,0,0,2024,0,0,0,0,0,0,0,0,0,0,0,0,0,0,0,0,0,0,0,0,0,0,0,0,0,0,0,0,0,0,0,0,0,0,0,0,0,0,0,0,0,0,0,0,0,0,0,0,0,0,0,0,0,0,0,","0,0,2049,0,0,0,0,2049,0,1084,965,0,0,0,0,0,0,0,0,0,0,0,0,0,0,0,0,0,0,0,0,0,0,0,0,0,0,2048,0,0,0,0,0,0,0,0,0,0,0,0,0,0,0,0,0,0,0,0,0,0,0,0,0,0,0,0,0,0,0,0,0,0,0,0,0,0,0,0,0,0,0,0,0,0,0,0,0,0,0,0,0,0,0,","0,0,1978,0,0,0,0,1978,0,1050,928,0,0,0,0,0,0,0,0,0,0,0,0,0,0,0,0,0,0,0,0,0,0,0,0,0,0,1977,0,0,0,0,0,0,0,0,0,0,0,0,0,0,0,0,0,0,0,0,0,0,0,0,0,0,0,0,0,0,0,0,0,0,0,0,0,0,0,0,0,0,0,0,0,0,0,0,0,0,0,0,0,0,0,"
True,2,16,16,32,False,True,LOG_DVC_REDIS,False,False,ONE_PC,YCSB,0.9,0.5,15,0.5,True,10,1,release,1,False,0.59983,240.06799999999998,0.06305830000000001,0.0,0.0,0.0,0.0,0.0,0.0,0.0,0.0,0.0,0.0,0.0,0.0,0.0,0.0,0.0,,,,,,2732.07,0.0,3055.83,161.97899999999998,1056.6,1194.14,0.0,0.0,0.0,0.0,0.0,0.0,0.0,0.0,0.0,0.0,0.0,0.013983500000000001,0.0,0.0,0.00857431,0.0,0.07380700000000001,1.0,4997.33,1.0,8503.11,1997.64,0.0,8574.31,0.00700648,0.00820077,0.00700648,,,0.013923099999999999,0.013923099999999999,0.013923099999999999,0.013923099999999999,0.013923099999999999,0.013923099999999999,0.013923099999999999,0.013923099999999999,9.0,30604.0,0.0,0.0,0.0,9.0,30604.0,0.0,12338.0,18266.0,0.0,0.0,0.0,0.0,0.0,0.0,0.0,0.0,0.0,0.0,0.0,0.0,0.0,0.0,0.0,0.0,0.0,0.0,0.0,0.0,0.0,0.0,0.0,0.0,7.0,9.0,30613.0,0.0,0.0,0.0,0.0,0.0,0.0,0.0,0.0,0.0,"thr,num_commits,num_aborts,num_precommits,num_waits,num_single_part_txn,num_multi_part_txn,num_aborts_restart,num_aborts_terminate,num_aborts_local,num_aborts_remote,num_affected_txn_co,num_affected_txn_pa,log_num,msg_cnt,msg_size,num_renewals,num_no_need_to_renewal,num_cache_bypass,num_cache_reads,num_cache_hits,num_cache_misses,num_cache_remove,num_cache_inserts,num_cache_updates,num_cache_evictions,num_local_hits,num_renew,num_renew_success,num_renew_failure,num_ro_read,num_ro_check,num_rw_read,num_rw_check,int_debug1,int_debug2,int_debug3,int_debug4,int_debug5,int_debug6,int_urgentwrite,int_aborts_rs1,int_aborts_rs2,int_aborts_rs3,int_aborts_ws1,int_aborts_ws2,int_saved_by_hist,run_time,average_latency,dist_txn_latency,time_process_txn,time_idle,time_write_output_queue,log_size,bytes_sent,dummy_bytes_sent,time_send_msg,time_read_queue,time_output_idle,bytes_received,time_recv_msg,time_write_queue,time_input_idle,logging_send_time,logging_commit_time,single_part_execute_phase,single_part_precommit_phase,single_part_log_latency,single_part_commit_phase,single_part_abort,multi_part_execute_phase,multi_part_precommit_phase,multi_part_prepare_phase,multi_part_commit_phase,multi_part_abort,multi_part_cleanup_phase,terminate_time_co,terminate_time_pa,log_ready_time,dependency_ready_time,CC","9,9,2076,0,0,0,9,2076,0,840,1236,0,0,0,0,0,0,0,0,0,0,0,0,0,0,0,0,0,0,0,0,0,0,0,0,7,9,2093,0,0,0,0,0,0,0,0,0,0,0.0630583,0.0630583,0,0,0,0,0,0,0,0,0,0,0,0,0,0,0,0,0,0,0,0,0.0245886,0,0.0275025,0.00145781,0.0095094,0.0107473,0,0,0,0,0,0,0,0,0,0,0,0.0139835,0,0,0.00857431,0,0.073807,","0,0,2090,0,0,0,0,2090,0,844,1246,0,0,0,0,0,0,0,0,0,0,0,0,0,0,0,0,0,0,0,0,0,0,0,0,0,0,2088,0,0,0,0,0,0,0,0,0,0,0,0,0,0,0,0,0,0,0,0,0,0,0,0,0,0,0,0,0,0,0,0,0,0,0,0,0,0,0,0,0,0,0,0,0,0,0,0,0,0,0,0,0,0,0,","0,0,2083,0,0,0,0,2083,0,850,1233,0,0,0,0,0,0,0,0,0,0,0,0,0,0,0,0,0,0,0,0,0,0,0,0,0,0,2078,0,0,0,0,0,0,0,0,0,0,0,0,0,0,0,0,0,0,0,0,0,0,0,0,0,0,0,0,0,0,0,0,0,0,0,0,0,0,0,0,0,0,0,0,0,0,0,0,0,0,0,0,0,0,0,","0,0,2078,0,0,0,0,2078,0,845,1233,0,0,0,0,0,0,0,0,0,0,0,0,0,0,0,0,0,0,0,0,0,0,0,0,0,0,2081,0,0,0,0,0,0,0,0,0,0,0,0,0,0,0,0,0,0,0,0,0,0,0,0,0,0,0,0,0,0,0,0,0,0,0,0,0,0,0,0,0,0,0,0,0,0,0,0,0,0,0,0,0,0,0,","0,0,2067,0,0,0,0,2067,0,835,1232,0,0,0,0,0,0,0,0,0,0,0,0,0,0,0,0,0,0,0,0,0,0,0,0,0,0,2067,0,0,0,0,0,0,0,0,0,0,0,0,0,0,0,0,0,0,0,0,0,0,0,0,0,0,0,0,0,0,0,0,0,0,0,0,0,0,0,0,0,0,0,0,0,0,0,0,0,0,0,0,0,0,0,","0,0,2069,0,0,0,0,2069,0,825,1244,0,0,0,0,0,0,0,0,0,0,0,0,0,0,0,0,0,0,0,0,0,0,0,0,0,0,2067,0,0,0,0,0,0,0,0,0,0,0,0,0,0,0,0,0,0,0,0,0,0,0,0,0,0,0,0,0,0,0,0,0,0,0,0,0,0,0,0,0,0,0,0,0,0,0,0,0,0,0,0,0,0,0,","0,0,2054,0,0,0,0,2054,0,825,1229,0,0,0,0,0,0,0,0,0,0,0,0,0,0,0,0,0,0,0,0,0,0,0,0,0,0,2054,0,0,0,0,0,0,0,0,0,0,0,0,0,0,0,0,0,0,0,0,0,0,0,0,0,0,0,0,0,0,0,0,0,0,0,0,0,0,0,0,0,0,0,0,0,0,0,0,0,0,0,0,0,0,0,","0,0,2066,0,0,0,0,2066,0,835,1231,0,0,0,0,0,0,0,0,0,0,0,0,0,0,0,0,0,0,0,0,0,0,0,0,0,0,2067,0,0,0,0,0,0,0,0,0,0,0,0,0,0,0,0,0,0,0,0,0,0,0,0,0,0,0,0,0,0,0,0,0,0,0,0,0,0,0,0,0,0,0,0,0,0,0,0,0,0,0,0,0,0,0,","0,0,2042,0,0,0,0,2042,0,826,1216,0,0,0,0,0,0,0,0,0,0,0,0,0,0,0,0,0,0,0,0,0,0,0,0,0,0,2042,0,0,0,0,0,0,0,0,0,0,0,0,0,0,0,0,0,0,0,0,0,0,0,0,0,0,0,0,0,0,0,0,0,0,0,0,0,0,0,0,0,0,0,0,0,0,0,0,0,0,0,0,0,0,0,","0,0,2049,0,0,0,0,2049,0,840,1209,0,0,0,0,0,0,0,0,0,0,0,0,0,0,0,0,0,0,0,0,0,0,0,0,0,0,2048,0,0,0,0,0,0,0,0,0,0,0,0,0,0,0,0,0,0,0,0,0,0,0,0,0,0,0,0,0,0,0,0,0,0,0,0,0,0,0,0,0,0,0,0,0,0,0,0,0,0,0,0,0,0,0,","0,0,1784,0,0,0,0,1784,0,713,1071,0,0,0,0,0,0,0,0,0,0,0,0,0,0,0,0,0,0,0,0,0,0,0,0,0,0,1786,0,0,0,0,0,0,0,0,0,0,0,0,0,0,0,0,0,0,0,0,0,0,0,0,0,0,0,0,0,0,0,0,0,0,0,0,0,0,0,0,0,0,0,0,0,0,0,0,0,0,0,0,0,0,0,","0,0,2065,0,0,0,0,2065,0,849,1216,0,0,0,0,0,0,0,0,0,0,0,0,0,0,0,0,0,0,0,0,0,0,0,0,0,0,2065,0,0,0,0,0,0,0,0,0,0,0,0,0,0,0,0,0,0,0,0,0,0,0,0,0,0,0,0,0,0,0,0,0,0,0,0,0,0,0,0,0,0,0,0,0,0,0,0,0,0,0,0,0,0,0,","0,0,2054,0,0,0,0,2054,0,820,1234,0,0,0,0,0,0,0,0,0,0,0,0,0,0,0,0,0,0,0,0,0,0,0,0,0,0,2055,0,0,0,0,0,0,0,0,0,0,0,0,0,0,0,0,0,0,0,0,0,0,0,0,0,0,0,0,0,0,0,0,0,0,0,0,0,0,0,0,0,0,0,0,0,0,0,0,0,0,0,0,0,0,0,","0,0,2067,0,0,0,0,2067,0,825,1242,0,0,0,0,0,0,0,0,0,0,0,0,0,0,0,0,0,0,0,0,0,0,0,0,0,0,2065,0,0,0,0,0,0,0,0,0,0,0,0,0,0,0,0,0,0,0,0,0,0,0,0,0,0,0,0,0,0,0,0,0,0,0,0,0,0,0,0,0,0,0,0,0,0,0,0,0,0,0,0,0,0,0,"
True,2,16,16,32,False,True,LOG_DVC_REDIS,False,False,ONE_PC,YCSB,0.0,0.5,15,0.5,True,10,2,release,1,False,129.099,240.06400000000002,8.527510000000001,0.0,0.0,0.0,0.0,0.0,0.0,0.0,0.0,0.0,0.0,0.0,0.0,0.0,0.0,0.0,,,,,,1453.53,0.0,2795.24,153.667,0.0,1660.7,0.0,0.0,0.0,0.0,0.0,0.0,0.0,0.0,0.0,0.0,0.0,3.5293,0.0,0.0,0.00847447,0.0,11.7448,1.0,5102.57,1.0,9064.02,1847.8,0.0,8474.47,0.00440243,0.00606338,0.00440243,,,0.00532944,0.00572003,0.00759565,0.010385700000000001,0.00532944,0.00572003,0.00759565,0.010385700000000001,1937.0,28646.0,0.0,0.0,0.0,1937.0,28646.0,0.0,15210.0,13436.0,0.0,0.0,0.0,0.0,0.0,0.0,0.0,0.0,0.0,0.0,0.0,0.0,0.0,0.0,0.0,0.0,0.0,0.0,0.0,0.0,0.0,0.0,0.0,0.0,1910.0,1937.0,30583.0,0.0,0.0,0.0,0.0,0.0,0.0,0.0,0.0,0.0,"thr,num_commits,num_aborts,num_precommits,num_waits,num_single_part_txn,num_multi_part_txn,num_aborts_restart,num_aborts_terminate,num_aborts_local,num_aborts_remote,num_affected_txn_co,num_affected_txn_pa,log_num,msg_cnt,msg_size,num_renewals,num_no_need_to_renewal,num_cache_bypass,num_cache_reads,num_cache_hits,num_cache_misses,num_cache_remove,num_cache_inserts,num_cache_updates,num_cache_evictions,num_local_hits,num_renew,num_renew_success,num_renew_failure,num_ro_read,num_ro_check,num_rw_read,num_rw_check,int_debug1,int_debug2,int_debug3,int_debug4,int_debug5,int_debug6,int_urgentwrite,int_aborts_rs1,int_aborts_rs2,int_aborts_rs3,int_aborts_ws1,int_aborts_ws2,int_saved_by_hist,run_time,average_latency,dist_txn_latency,time_process_txn,time_idle,time_write_output_queue,log_size,bytes_sent,dummy_bytes_sent,time_send_msg,time_read_queue,time_output_idle,bytes_received,time_recv_msg,time_write_queue,time_input_idle,logging_send_time,logging_commit_time,single_part_execute_phase,single_part_precommit_phase,single_part_log_latency,single_part_commit_phase,single_part_abort,multi_part_execute_phase,multi_part_precommit_phase,multi_part_prepare_phase,multi_part_commit_phase,multi_part_abort,multi_part_cleanup_phase,terminate_time_co,terminate_time_pa,log_ready_time,dependency_ready_time,CC","1730,1730,632,0,0,0,1730,632,0,428,204,0,0,0,0,0,0,0,0,0,0,0,0,0,0,0,0,0,0,0,0,0,0,0,0,1706,1732,2367,0,0,0,0,0,0,0,0,0,0,7.74409,7.74409,0,0,0,0,0,0,0,0,0,0,0,0,0,0,0,0,0,0,0,0,2.57375,0,4.89858,0.271758,0,2.8965,0,0,0,0,0,0,0,0,0,0,0,3.20258,0,0,0.00847447,0,10.641,","207,207,1871,0,0,0,207,1871,0,919,952,0,0,0,0,0,0,0,0,0,0,0,0,0,0,0,0,0,0,0,0,0,0,0,0,204,205,2076,0,0,0,0,0,0,0,0,0,0,0.783424,0.783424,0,0,0,0,0,0,0,0,0,0,0,0,0,0,0,0,0,0,0,0,0.241733,0,0.515796,0.0258956,0,0.32028,0,0,0,0,0,0,0,0,0,0,0,0.326727,0,0,0,0,1.10373,","0,0,2001,0,0,0,0,2001,0,1047,954,0,0,0,0,0,0,0,0,0,0,0,0,0,0,0,0,0,0,0,0,0,0,0,0,0,0,2009,0,0,0,0,0,0,0,0,0,0,0,0,0,0,0,0,0,0,0,0,0,0,0,0,0,0,0,0,0,0,0,0,0,0,0,0,0,0,0,0,0,0,0,0,0,0,0,0,0,0,0,0,0,0,0,","0,0,2013,0,0,0,0,2013,0,1073,940,0,0,0,0,0,0,0,0,0,0,0,0,0,0,0,0,0,0,0,0,0,0,0,0,0,0,2005,0,0,0,0,0,0,0,0,0,0,0,0,0,0,0,0,0,0,0,0,0,0,0,0,0,0,0,0,0,0,0,0,0,0,0,0,0,0,0,0,0,0,0,0,0,0,0,0,0,0,0,0,0,0,0,","0,0,2045,0,0,0,0,2045,0,1092,953,0,0,0,0,0,0,0,0,0,0,0,0,0,0,0,0,0,0,0,0,0,0,0,0,0,0,2046,0,0,0,0,0,0,0,0,0,0,0,0,0,0,0,0,0,0,0,0,0,0,0,0,0,0,0,0,0,0,0,0,0,0,0,0,0,0,0,0,0,0,0,0,0,0,0,0,0,0,0,0,0,0,0,","0,0,2005,0,0,0,0,2005,0,1056,949,0,0,0,0,0,0,0,0,0,0,0,0,0,0,0,0,0,0,0,0,0,0,0,0,0,0,2002,0,0,0,0,0,0,0,0,0,0,0,0,0,0,0,0,0,0,0,0,0,0,0,0,0,0,0,0,0,0,0,0,0,0,0,0,0,0,0,0,0,0,0,0,0,0,0,0,0,0,0,0,0,0,0,","0,0,1994,0,0,0,0,1994,0,1047,947,0,0,0,0,0,0,0,0,0,0,0,0,0,0,0,0,0,0,0,0,0,0,0,0,0,0,1996,0,0,0,0,0,0,0,0,0,0,0,0,0,0,0,0,0,0,0,0,0,0,0,0,0,0,0,0,0,0,0,0,0,0,0,0,0,0,0,0,0,0,0,0,0,0,0,0,0,0,0,0,0,0,0,","0,0,1989,0,0,0,0,1989,0,1053,936,0,0,0,0,0,0,0,0,0,0,0,0,0,0,0,0,0,0,0,0,0,0,0,0,0,0,1990,0,0,0,0,0,0,0,0,0,0,0,0,0,0,0,0,0,0,0,0,0,0,0,0,0,0,0,0,0,0,0,0,0,0,0,0,0,0,0,0,0,0,0,0,0,0,0,0,0,0,0,0,0,0,0,","0,0,2043,0,0,0,0,2043,0,1083,960,0,0,0,0,0,0,0,0,0,0,0,0,0,0,0,0,0,0,0,0,0,0,0,0,0,0,2041,0,0,0,0,0,0,0,0,0,0,0,0,0,0,0,0,0,0,0,0,0,0,0,0,0,0,0,0,0,0,0,0,0,0,0,0,0,0,0,0,0,0,0,0,0,0,0,0,0,0,0,0,0,0,0,","0,0,2004,0,0,0,0,2004,0,1062,942,0,0,0,0,0,0,0,0,0,0,0,0,0,0,0,0,0,0,0,0,0,0,0,0,0,0,2007,0,0,0,0,0,0,0,0,0,0,0,0,0,0,0,0,0,0,0,0,0,0,0,0,0,0,0,0,0,0,0,0,0,0,0,0,0,0,0,0,0,0,0,0,0,0,0,0,0,0,0,0,0,0,0,","0,0,2032,0,0,0,0,2032,0,1065,967,0,0,0,0,0,0,0,0,0,0,0,0,0,0,0,0,0,0,0,0,0,0,0,0,0,0,2029,0,0,0,0,0,0,0,0,0,0,0,0,0,0,0,0,0,0,0,0,0,0,0,0,0,0,0,0,0,0,0,0,0,0,0,0,0,0,0,0,0,0,0,0,0,0,0,0,0,0,0,0,0,0,0,","0,0,1998,0,0,0,0,1998,0,1054,944,0,0,0,0,0,0,0,0,0,0,0,0,0,0,0,0,0,0,0,0,0,0,0,0,0,0,1998,0,0,0,0,0,0,0,0,0,0,0,0,0,0,0,0,0,0,0,0,0,0,0,0,0,0,0,0,0,0,0,0,0,0,0,0,0,0,0,0,0,0,0,0,0,0,0,0,0,0,0,0,0,0,0,","0,0,2012,0,0,0,0,2012,0,1082,930,0,0,0,0,0,0,0,0,0,0,0,0,0,0,0,0,0,0,0,0,0,0,0,0,0,0,2013,0,0,0,0,0,0,0,0,0,0,0,0,0,0,0,0,0,0,0,0,0,0,0,0,0,0,0,0,0,0,0,0,0,0,0,0,0,0,0,0,0,0,0,0,0,0,0,0,0,0,0,0,0,0,0,","0,0,1983,0,0,0,0,1983,0,1056,927,0,0,0,0,0,0,0,0,0,0,0,0,0,0,0,0,0,0,0,0,0,0,0,0,0,0,1983,0,0,0,0,0,0,0,0,0,0,0,0,0,0,0,0,0,0,0,0,0,0,0,0,0,0,0,0,0,0,0,0,0,0,0,0,0,0,0,0,0,0,0,0,0,0,0,0,0,0,0,0,0,0,0,"
True,2,16,16,32,False,True,LOG_DVC_REDIS,False,False,ONE_PC,YCSB,0.5,0.5,15,0.5,True,10,2,release,1,False,63.1665,240.127,4.45642,0.0,0.0,0.0,0.0,0.0,0.0,0.0,0.0,0.0,0.0,0.0,0.0,0.0,0.0,0.0,,,,,,1552.36,0.0,2968.82,165.755,13.936,1576.84,0.0,0.0,0.0,0.0,0.0,0.0,0.0,0.0,0.0,0.0,0.0,1.6529,0.0,0.0,0.00819907,0.0,5.95144,1.0,5132.38,1.0,9079.22,1709.31,0.0,8199.07,0.00470087,0.00627789,0.00470087,,,0.00574154,0.00631446,0.009467399999999999,0.0164569,0.00574154,0.00631446,0.009467399999999999,0.0164569,948.0,29329.0,0.0,0.0,0.0,948.0,29329.0,0.0,17362.0,11967.0,0.0,0.0,0.0,0.0,0.0,0.0,0.0,0.0,0.0,0.0,0.0,0.0,0.0,0.0,0.0,0.0,0.0,0.0,0.0,0.0,0.0,0.0,0.0,0.0,967.0,948.0,30277.0,0.0,0.0,0.0,0.0,0.0,0.0,0.0,0.0,0.0,"thr,num_commits,num_aborts,num_precommits,num_waits,num_single_part_txn,num_multi_part_txn,num_aborts_restart,num_aborts_terminate,num_aborts_local,num_aborts_remote,num_affected_txn_co,num_affected_txn_pa,log_num,msg_cnt,msg_size,num_renewals,num_no_need_to_renewal,num_cache_bypass,num_cache_reads,num_cache_hits,num_cache_misses,num_cache_remove,num_cache_inserts,num_cache_updates,num_cache_evictions,num_local_hits,num_renew,num_renew_success,num_renew_failure,num_ro_read,num_ro_check,num_rw_read,num_rw_check,int_debug1,int_debug2,int_debug3,int_debug4,int_debug5,int_debug6,int_urgentwrite,int_aborts_rs1,int_aborts_rs2,int_aborts_rs3,int_aborts_ws1,int_aborts_ws2,int_saved_by_hist,run_time,average_latency,dist_txn_latency,time_process_txn,time_idle,time_write_output_queue,log_size,bytes_sent,dummy_bytes_sent,time_send_msg,time_read_queue,time_output_idle,bytes_received,time_recv_msg,time_write_queue,time_input_idle,logging_send_time,logging_commit_time,single_part_execute_phase,single_part_precommit_phase,single_part_log_latency,single_part_commit_phase,single_part_abort,multi_part_execute_phase,multi_part_precommit_phase,multi_part_prepare_phase,multi_part_commit_phase,multi_part_abort,multi_part_cleanup_phase,terminate_time_co,terminate_time_pa,log_ready_time,dependency_ready_time,CC","948,948,1248,0,0,0,948,1248,0,704,544,0,0,0,0,0,0,0,0,0,0,0,0,0,0,0,0,0,0,0,0,0,0,0,0,967,948,2200,0,0,0,0,0,0,0,0,0,0,4.45642,4.45642,0,0,0,0,0,0,0,0,0,0,0,0,0,0,0,0,0,0,0,0,1.47163,0,2.81444,0.157136,0.0132113,1.49485,0,0,0,0,0,0,0,0,0,0,0,1.6529,0,0,0.00819907,0,5.95144,","0,0,2034,0,0,0,0,2034,0,1209,825,0,0,0,0,0,0,0,0,0,0,0,0,0,0,0,0,0,0,0,0,0,0,0,0,0,0,2035,0,0,0,0,0,0,0,0,0,0,0,0,0,0,0,0,0,0,0,0,0,0,0,0,0,0,0,0,0,0,0,0,0,0,0,0,0,0,0,0,0,0,0,0,0,0,0,0,0,0,0,0,0,0,0,","0,0,2013,0,0,0,0,2013,0,1186,827,0,0,0,0,0,0,0,0,0,0,0,0,0,0,0,0,0,0,0,0,0,0,0,0,0,0,2019,0,0,0,0,0,0,0,0,0,0,0,0,0,0,0,0,0,0,0,0,0,0,0,0,0,0,0,0,0,0,0,0,0,0,0,0,0,0,0,0,0,0,0,0,0,0,0,0,0,0,0,0,0,0,0,","0,0,2016,0,0,0,0,2016,0,1192,824,0,0,0,0,0,0,0,0,0,0,0,0,0,0,0,0,0,0,0,0,0,0,0,0,0,0,2010,0,0,0,0,0,0,0,0,0,0,0,0,0,0,0,0,0,0,0,0,0,0,0,0,0,0,0,0,0,0,0,0,0,0,0,0,0,0,0,0,0,0,0,0,0,0,0,0,0,0,0,0,0,0,0,","0,0,2022,0,0,0,0,2022,0,1202,820,0,0,0,0,0,0,0,0,0,0,0,0,0,0,0,0,0,0,0,0,0,0,0,0,0,0,2019,0,0,0,0,0,0,0,0,0,0,0,0,0,0,0,0,0,0,0,0,0,0,0,0,0,0,0,0,0,0,0,0,0,0,0,0,0,0,0,0,0,0,0,0,0,0,0,0,0,0,0,0,0,0,0,","0,0,2002,0,0,0,0,2002,0,1175,827,0,0,0,0,0,0,0,0,0,0,0,0,0,0,0,0,0,0,0,0,0,0,0,0,0,0,2003,0,0,0,0,0,0,0,0,0,0,0,0,0,0,0,0,0,0,0,0,0,0,0,0,0,0,0,0,0,0,0,0,0,0,0,0,0,0,0,0,0,0,0,0,0,0,0,0,0,0,0,0,0,0,0,","0,0,1988,0,0,0,0,1988,0,1181,807,0,0,0,0,0,0,0,0,0,0,0,0,0,0,0,0,0,0,0,0,0,0,0,0,0,0,1988,0,0,0,0,0,0,0,0,0,0,0,0,0,0,0,0,0,0,0,0,0,0,0,0,0,0,0,0,0,0,0,0,0,0,0,0,0,0,0,0,0,0,0,0,0,0,0,0,0,0,0,0,0,0,0,","0,0,1958,0,0,0,0,1958,0,1164,794,0,0,0,0,0,0,0,0,0,0,0,0,0,0,0,0,0,0,0,0,0,0,0,0,0,0,1958,0,0,0,0,0,0,0,0,0,0,0,0,0,0,0,0,0,0,0,0,0,0,0,0,0,0,0,0,0,0,0,0,0,0,0,0,0,0,0,0,0,0,0,0,0,0,0,0,0,0,0,0,0,0,0,","0,0,2033,0,0,0,0,2033,0,1216,817,0,0,0,0,0,0,0,0,0,0,0,0,0,0,0,0,0,0,0,0,0,0,0,0,0,0,2035,0,0,0,0,0,0,0,0,0,0,0,0,0,0,0,0,0,0,0,0,0,0,0,0,0,0,0,0,0,0,0,0,0,0,0,0,0,0,0,0,0,0,0,0,0,0,0,0,0,0,0,0,0,0,0,","0,0,2035,0,0,0,0,2035,0,1213,822,0,0,0,0,0,0,0,0,0,0,0,0,0,0,0,0,0,0,0,0,0,0,0,0,0,0,2035,0,0,0,0,0,0,0,0,0,0,0,0,0,0,0,0,0,0,0,0,0,0,0,0,0,0,0,0,0,0,0,0,0,0,0,0,0,0,0,0,0,0,0,0,0,0,0,0,0,0,0,0,0,0,0,","0,0,2000,0,0,0,0,2000,0,1192,808,0,0,0,0,0,0,0,0,0,0,0,0,0,0,0,0,0,0,0,0,0,0,0,0,0,0,2000,0,0,0,0,0,0,0,0,0,0,0,0,0,0,0,0,0,0,0,0,0,0,0,0,0,0,0,0,0,0,0,0,0,0,0,0,0,0,0,0,0,0,0,0,0,0,0,0,0,0,0,0,0,0,0,","0,0,1980,0,0,0,0,1980,0,1180,800,0,0,0,0,0,0,0,0,0,0,0,0,0,0,0,0,0,0,0,0,0,0,0,0,0,0,1981,0,0,0,0,0,0,0,0,0,0,0,0,0,0,0,0,0,0,0,0,0,0,0,0,0,0,0,0,0,0,0,0,0,0,0,0,0,0,0,0,0,0,0,0,0,0,0,0,0,0,0,0,0,0,0,","0,0,1990,0,0,0,0,1990,0,1172,818,0,0,0,0,0,0,0,0,0,0,0,0,0,0,0,0,0,0,0,0,0,0,0,0,0,0,1986,0,0,0,0,0,0,0,0,0,0,0,0,0,0,0,0,0,0,0,0,0,0,0,0,0,0,0,0,0,0,0,0,0,0,0,0,0,0,0,0,0,0,0,0,0,0,0,0,0,0,0,0,0,0,0,","0,0,2011,0,0,0,0,2011,0,1194,817,0,0,0,0,0,0,0,0,0,0,0,0,0,0,0,0,0,0,0,0,0,0,0,0,0,0,2013,0,0,0,0,0,0,0,0,0,0,0,0,0,0,0,0,0,0,0,0,0,0,0,0,0,0,0,0,0,0,0,0,0,0,0,0,0,0,0,0,0,0,0,0,0,0,0,0,0,0,0,0,0,0,0,"
True,2,16,16,32,False,True,LOG_DVC_REDIS,False,False,ONE_PC,YCSB,0.9,0.5,15,0.5,True,10,2,release,1,False,0.5997859999999999,240.08599999999998,0.06562269999999999,0.0,0.0,0.0,0.0,0.0,0.0,0.0,0.0,0.0,0.0,0.0,0.0,0.0,0.0,0.0,,,,,,3176.2,0.0,2871.21,157.306,1086.7,1554.05,0.0,0.0,0.0,0.0,0.0,0.0,0.0,0.0,0.0,0.0,0.0,0.0151955,0.0,0.0,0.00918269,0.0,0.07961019999999999,1.0,4997.33,1.0,8503.11,2170.78,0.0,9182.69,0.00729141,0.00884558,0.00729141,,,0.0136865,0.0136865,0.0136865,0.0136865,0.0136865,0.0136865,0.0136865,0.0136865,9.0,27044.0,0.0,0.0,0.0,9.0,27044.0,0.0,9309.0,17735.0,0.0,0.0,0.0,0.0,0.0,0.0,0.0,0.0,0.0,0.0,0.0,0.0,0.0,0.0,0.0,0.0,0.0,0.0,0.0,0.0,0.0,0.0,0.0,0.0,7.0,9.0,27053.0,0.0,0.0,0.0,0.0,0.0,0.0,0.0,0.0,0.0,"thr,num_commits,num_aborts,num_precommits,num_waits,num_single_part_txn,num_multi_part_txn,num_aborts_restart,num_aborts_terminate,num_aborts_local,num_aborts_remote,num_affected_txn_co,num_affected_txn_pa,log_num,msg_cnt,msg_size,num_renewals,num_no_need_to_renewal,num_cache_bypass,num_cache_reads,num_cache_hits,num_cache_misses,num_cache_remove,num_cache_inserts,num_cache_updates,num_cache_evictions,num_local_hits,num_renew,num_renew_success,num_renew_failure,num_ro_read,num_ro_check,num_rw_read,num_rw_check,int_debug1,int_debug2,int_debug3,int_debug4,int_debug5,int_debug6,int_urgentwrite,int_aborts_rs1,int_aborts_rs2,int_aborts_rs3,int_aborts_ws1,int_aborts_ws2,int_saved_by_hist,run_time,average_latency,dist_txn_latency,time_process_txn,time_idle,time_write_output_queue,log_size,bytes_sent,dummy_bytes_sent,time_send_msg,time_read_queue,time_output_idle,bytes_received,time_recv_msg,time_write_queue,time_input_idle,logging_send_time,logging_commit_time,single_part_execute_phase,single_part_precommit_phase,single_part_log_latency,single_part_commit_phase,single_part_abort,multi_part_execute_phase,multi_part_precommit_phase,multi_part_prepare_phase,multi_part_commit_phase,multi_part_abort,multi_part_cleanup_phase,terminate_time_co,terminate_time_pa,log_ready_time,dependency_ready_time,CC","9,9,2086,0,0,0,9,2086,0,717,1369,0,0,0,0,0,0,0,0,0,0,0,0,0,0,0,0,0,0,0,0,0,0,0,0,7,9,2098,0,0,0,0,0,0,0,0,0,0,0.0656227,0.0656227,0,0,0,0,0,0,0,0,0,0,0,0,0,0,0,0,0,0,0,0,0.0285858,0,0.0258409,0.00141575,0.00978034,0.0139864,0,0,0,0,0,0,0,0,0,0,0,0.0151955,0,0,0.00918269,0,0.0796102,","0,0,2104,0,0,0,0,2104,0,718,1386,0,0,0,0,0,0,0,0,0,0,0,0,0,0,0,0,0,0,0,0,0,0,0,0,0,0,2103,0,0,0,0,0,0,0,0,0,0,0,0,0,0,0,0,0,0,0,0,0,0,0,0,0,0,0,0,0,0,0,0,0,0,0,0,0,0,0,0,0,0,0,0,0,0,0,0,0,0,0,0,0,0,0,","0,0,2109,0,0,0,0,2109,0,732,1377,0,0,0,0,0,0,0,0,0,0,0,0,0,0,0,0,0,0,0,0,0,0,0,0,0,0,2109,0,0,0,0,0,0,0,0,0,0,0,0,0,0,0,0,0,0,0,0,0,0,0,0,0,0,0,0,0,0,0,0,0,0,0,0,0,0,0,0,0,0,0,0,0,0,0,0,0,0,0,0,0,0,0,","0,0,2094,0,0,0,0,2094,0,722,1372,0,0,0,0,0,0,0,0,0,0,0,0,0,0,0,0,0,0,0,0,0,0,0,0,0,0,2093,0,0,0,0,0,0,0,0,0,0,0,0,0,0,0,0,0,0,0,0,0,0,0,0,0,0,0,0,0,0,0,0,0,0,0,0,0,0,0,0,0,0,0,0,0,0,0,0,0,0,0,0,0,0,0,","0,0,2084,0,0,0,0,2084,0,718,1366,0,0,0,0,0,0,0,0,0,0,0,0,0,0,0,0,0,0,0,0,0,0,0,0,0,0,2088,0,0,0,0,0,0,0,0,0,0,0,0,0,0,0,0,0,0,0,0,0,0,0,0,0,0,0,0,0,0,0,0,0,0,0,0,0,0,0,0,0,0,0,0,0,0,0,0,0,0,0,0,0,0,0,","0,0,2075,0,0,0,0,2075,0,711,1364,0,0,0,0,0,0,0,0,0,0,0,0,0,0,0,0,0,0,0,0,0,0,0,0,0,0,2073,0,0,0,0,0,0,0,0,0,0,0,0,0,0,0,0,0,0,0,0,0,0,0,0,0,0,0,0,0,0,0,0,0,0,0,0,0,0,0,0,0,0,0,0,0,0,0,0,0,0,0,0,0,0,0,","0,0,2108,0,0,0,0,2108,0,727,1381,0,0,0,0,0,0,0,0,0,0,0,0,0,0,0,0,0,0,0,0,0,0,0,0,0,0,2108,0,0,0,0,0,0,0,0,0,0,0,0,0,0,0,0,0,0,0,0,0,0,0,0,0,0,0,0,0,0,0,0,0,0,0,0,0,0,0,0,0,0,0,0,0,0,0,0,0,0,0,0,0,0,0,","0,0,2072,0,0,0,0,2072,0,708,1364,0,0,0,0,0,0,0,0,0,0,0,0,0,0,0,0,0,0,0,0,0,0,0,0,0,0,2071,0,0,0,0,0,0,0,0,0,0,0,0,0,0,0,0,0,0,0,0,0,0,0,0,0,0,0,0,0,0,0,0,0,0,0,0,0,0,0,0,0,0,0,0,0,0,0,0,0,0,0,0,0,0,0,","0,0,2077,0,0,0,0,2077,0,716,1361,0,0,0,0,0,0,0,0,0,0,0,0,0,0,0,0,0,0,0,0,0,0,0,0,0,0,2078,0,0,0,0,0,0,0,0,0,0,0,0,0,0,0,0,0,0,0,0,0,0,0,0,0,0,0,0,0,0,0,0,0,0,0,0,0,0,0,0,0,0,0,0,0,0,0,0,0,0,0,0,0,0,0,","0,0,324,0,0,0,0,324,0,116,208,0,0,0,0,0,0,0,0,0,0,0,0,0,0,0,0,0,0,0,0,0,0,0,0,0,0,325,0,0,0,0,0,0,0,0,0,0,0,0,0,0,0,0,0,0,0,0,0,0,0,0,0,0,0,0,0,0,0,0,0,0,0,0,0,0,0,0,0,0,0,0,0,0,0,0,0,0,0,0,0,0,0,","0,0,12,0,0,0,0,12,0,6,6,0,0,0,0,0,0,0,0,0,0,0,0,0,0,0,0,0,0,0,0,0,0,0,0,0,0,17,0,0,0,0,0,0,0,0,0,0,0,0,0,0,0,0,0,0,0,0,0,0,0,0,0,0,0,0,0,0,0,0,0,0,0,0,0,0,0,0,0,0,0,0,0,0,0,0,0,0,0,0,0,0,0,","0,0,1731,0,0,0,0,1731,0,601,1130,0,0,0,0,0,0,0,0,0,0,0,0,0,0,0,0,0,0,0,0,0,0,0,0,0,0,1725,0,0,0,0,0,0,0,0,0,0,0,0,0,0,0,0,0,0,0,0,0,0,0,0,0,0,0,0,0,0,0,0,0,0,0,0,0,0,0,0,0,0,0,0,0,0,0,0,0,0,0,0,0,0,0,","0,0,2051,0,0,0,0,2051,0,699,1352,0,0,0,0,0,0,0,0,0,0,0,0,0,0,0,0,0,0,0,0,0,0,0,0,0,0,2052,0,0,0,0,0,0,0,0,0,0,0,0,0,0,0,0,0,0,0,0,0,0,0,0,0,0,0,0,0,0,0,0,0,0,0,0,0,0,0,0,0,0,0,0,0,0,0,0,0,0,0,0,0,0,0,","0,0,2069,0,0,0,0,2069,0,720,1349,0,0,0,0,0,0,0,0,0,0,0,0,0,0,0,0,0,0,0,0,0,0,0,0,0,0,2068,0,0,0,0,0,0,0,0,0,0,0,0,0,0,0,0,0,0,0,0,0,0,0,0,0,0,0,0,0,0,0,0,0,0,0,0,0,0,0,0,0,0,0,0,0,0,0,0,0,0,0,0,0,0,0,"
